ID,Name,Author,Genre
1,Final Blackout,L. Ron Hubbard,"{""Science Fiction"",""Speculative fiction""}"
2,The Wanting Seed,Anthony Burgess,"{""Speculative fiction"", ""Dystopia"", ""Utopian and dystopian fiction""}"
3,Deep Storm,Lincoln Child,"{""Thriller"",""Mystery"", ""Science Fiction"",""Speculative fiction"", ""Fiction""}"
4,The Gingerbread Girl,Stephen King,"{""Fiction""}"
5,The Killings at Badger's Drift,Caroline Graham,"{""Mystery"", ""Fiction""}"
6,Our Man in Havana,Graham Greene,"{""Speculative fiction"", ""Fiction"", ""Novel""}"
7,That Summer,Andrew Greig,"{""Fiction"", ""Novel""}"
8,Thumbsucker,Walter Kirn,"{""Children's literature"", ""Fiction"", ""Novel""}"
9,Once a Runner,John L. Parker Jr.,"{""Novel""}"
10,Irish Love,Andrew Greeley,"{""Mystery"",""Speculative fiction""}"
11,The Sittaford Mystery,Agatha Christie,"{""Crime Fiction"",""Mystery"", ""Fiction"", ""Suspense""}"
12,The September Society,Charles Finch,"{""Crime Fiction"",""Mystery""}"
13,The Man With the Iron Heart,Harry Turtledove,"{""Alternate history""}"
14,Charlotte Sometimes,Penelope Farmer,"{""Science Fiction"",""Children's literature"", ""Fantasy"",""Speculative fiction"", ""Fiction""}"
15,Coot Club,Arthur Ransome,"{""Children's literature"", ""Fiction"", ""Adventure novel""}"
16,Chainfire,Terry Goodkind,"{""Science Fiction"",""Speculative fiction"", ""Fantasy"", ""Fiction"",""Fantasy""}"
17,Shogun: A Novel of Japan,James Clavell,"{""Historical fiction"", ""Fiction""}"
18,The Clue in the Old Album,Carolyn Keene,"{""Mystery"", ""Detective fiction"",""Children's literature""}"
19,Reckless Engineering,Nick Walters,"{""Speculative fiction""}"
20,The Octagonal Raven,"L. E. Modesitt, Jr.","{""Science Fiction"",""Speculative fiction""}"
21,The Knight,Gene Wolfe,"{""Fantasy""}"
22,The Child Garden,Geoff Ryman,"{""Science Fiction"",""Speculative fiction""}"
23,"For Us, The Living: A Comedy of Customs",Robert A. Heinlein,"{""Science Fiction"",""Speculative fiction""}"
24,Mystery of the Glowing Eye,Carolyn Keene,"{""Mystery"", ""Detective fiction"",""Children's literature""}"
25,Beasts,John Crowley,"{""Science Fiction"",""Speculative fiction""}"
26,Roderick Hudson,Henry James,"{""Novel""}"
27,Zendegi,Greg Egan,"{""Science Fiction""}"
28,Ligeia,Edgar Allan Poe,"{""Gothic fiction"", ""Horror"", ""Short story"", ""Romance novel""}"
29,Impossible,Danielle Steel,"{""Novel""}"
30,Free Fall,William Golding,"{""Fiction"", ""Novel""}"
31,Dark Magic,Christine Feehan,"{""Speculative fiction"", ""Fantasy"", ""Romance novel""}"
32,"Jack, Knave and Fool",Bruce Cook,"{""Crime Fiction"", ""Historical novel""}"
33,The Status Civilization,Robert Sheckley,"{""Science Fiction"",""Children's literature"", ""Historical fiction"",""Speculative fiction"", ""Fiction""}"
34,Eucalyptus,Murray Bail,"{""Fantasy"", ""Fiction"", ""Romance novel"", ""Novel""}"
35,Flat Stanley,Jeff Brown,"{""Children's literature""}"
36,The Great Divorce,C. S. Lewis,"{""Speculative fiction"", ""Fantasy"", ""Religion""}"
37,The Education of Robert Nifkin,Daniel Pinkwater,"{""Young adult literature""}"
38,Machine Man,Max Barry,"{""Thriller"", ""Science Fiction"", ""Novel""}"
39,A New Earth: Awakening to Your Life's Purpose,Eckhart Tolle,"{""Non-fiction""}"
40,Chinese Cinderella,Adeline Yen Mah,"{""Autobiographical novel"",""Autobiography"", ""Biography"",""Children's literature""}"
41,Feet of Clay,Terry Pratchett,"{""Science Fiction"",""Speculative fiction"", ""Fantasy"", ""Fiction""}"
42,Stargirl,Jerry Spinelli,"{""Children's literature"", ""Young adult literature"", ""Fiction""}"
43,Time Stops for No Mouse,Michael Hoeye,"{""Mystery"",""Speculative fiction"",""Children's literature"", ""Fiction""}"
44,The Praxis,Walter Jon Williams,"{""Science Fiction"",""Speculative fiction"", ""Fantasy""}"
45,The World of Normal Boys,K.M. Soehnlein,"{""Young adult literature"", ""Novel""}"
46,City of the Chasch,Jack Vance,"{""Science Fiction"",""Speculative fiction"", ""Fantasy"", ""Fiction""}"
47,The Oxford Murders,Guillermo Martínez,"{""Thriller"", ""Crime Fiction""}"
48,Lord John and the Hellfire Club,Diana Gabaldon,"{""Novella"", ""Historical novel""}"
49,Outlander,Diana Gabaldon,"{""Time travel"", ""Historical novel"", ""Science Fiction"", ""Romance novel"", ""Fiction""}"
50,The Recognitions,William Gaddis,"{""Fiction""}"
51,Shadow of a Bull,Maia Wojciechowska,"{""Children's literature"", ""Fiction""}"
52,Enemy of God,Bernard Cornwell,"{""Speculative fiction"", ""Fantasy"", ""Fiction"", ""Historical novel""}"
53,The Village By The Sea,Anita Desai,"{""Children's literature"", ""Young adult literature"", ""Fiction"",""Non-fiction""}"
54,That Old Ace in the Hole,E. Annie Proulx,"{""Novel""}"
55,The Charwoman's Shadow,"Edward Plunkett, 18th Baron Dunsany","{""Speculative fiction"", ""Fantasy""}"
56,Valiant : A Modern Tale of Faerie,Holly Black,"{""Fantasy"",""Speculative fiction"", ""Young adult literature""}"
57,Absolution Gap,Alastair Reynolds,"{""Hard science fiction"", ""Science Fiction"",""Speculative fiction""}"
58,The Evolutionary Void,Peter F. Hamilton,"{""Science Fiction""}"
59,The Two Deaths of Quincas Wateryell,Jorge Amado,"{""Crime Fiction"",""Speculative fiction"", ""Novel""}"
60,Tripoint,C. J. Cherryh,"{""Science Fiction"",""Speculative fiction""}"
61,Highways in Hiding,George O. Smith,"{""Science Fiction"",""Speculative fiction"", ""Fiction""}"
62,Leaving Fishers,Margaret Haddix,"{""Speculative fiction"",""Children's literature"", ""Fiction""}"
63,Back to the Stone Age,Edgar Rice Burroughs,"{""Science Fiction"",""Speculative fiction"", ""Fantasy"", ""Fiction"", ""Adventure novel""}"
64,Magic Kingdom for Sale -- Sold!,Terry Brooks,"{""Speculative fiction"", ""Fantasy""}"
65,Odalisque,Fiona McIntosh,"{""Speculative fiction"", ""Fantasy""}"
66,The Dirdir,Jack Vance,"{""Science Fiction"",""Speculative fiction"", ""Fiction""}"
67,Tic-Tac-Terror,Franklin W. Dixon,"{""Mystery"", ""Detective fiction"",""Children's literature"", ""Fiction""}"
68,Between Two Worlds,"Upton Sinclair, Jr.","{""History"",""Speculative fiction"", ""Fiction""}"
69,Fevre Dream,George R. R. Martin,"{""Fantasy"", ""Science Fiction"",""Speculative fiction"", ""Horror"", ""Fiction""}"
70,Grasshopper,Ruth Rendell,"{""Crime Fiction"",""Mystery""}"
71,The Mad Man,Samuel R. Delany,"{""Fiction"", ""Novel""}"
72,Linda Condon,Joseph Hergesheimer,"{""Fiction""}"
73,Ten Things I Hate About Me,Randa Abdel-Fattah,"{""Children's literature""}"
74,I'm Not Who You Think I Am,Peg Kehret,"{""Young adult literature""}"
75,Kafka on the Shore,Haruki Murakami,"{""Speculative fiction"", ""Fiction"", ""Novel""}"
76,Mitch and Amy,Beverly Cleary,"{""Children's literature"", ""Young adult literature"", ""Fiction"", ""Novel""}"
77,The Reversal,Michael Connelly,"{""Crime Fiction"",""Mystery""}"
78,Blood Ties,Sophie McKenzie,"{""Fiction""}"
79,Antispin,Richard Bronson,"{""Thriller""}"
80,Coming Up for Air,George Orwell,"{""Fiction""}"
81,A Crown of Swords,Robert Jordan,"{""Speculative fiction"", ""Fantasy""}"
82,The Golden Road,Lucy Maud Montgomery,"{""Children's literature""}"
83,The Defenders of the Dead,Judy Blundell,"{""Science Fiction"",""Speculative fiction"",""Children's literature""}"
84,The Professor's House,Willa Cather,"{""Novel""}"
85,The Raven's Knot,Robin Jarvis,"{""Speculative fiction"", ""Fantasy""}"
86,In the Presence of Mine Enemies,Harry Turtledove,"{""Alternate history"", ""Science Fiction"",""Speculative fiction"", ""Dystopia""}"
87,The High Crusade,Poul Anderson,"{""Science Fiction"",""Speculative fiction"", ""Fiction""}"
88,Dragonsdale,Steve Barlow,"{""Children's literature"", ""Fantasy""}"
89,No Night is Too Long,Ruth Rendell,"{""Crime Fiction"",""Mystery""}"
90,Rhapsody: Child of Blood,Elizabeth Haydon,"{""Speculative fiction"", ""Fantasy"", ""Fiction""}"
91,The Twelve and the Genii,Pauline Clarke,"{""Children's literature"", ""Fantasy""}"
92,Before the Fact,Anthony Berkeley Cox,"{""Crime Fiction""}"
93,Sir Nobonk and the Terrible Dreadful Awful Naughty Nasty Dragon,Spike Milligan,"{""Children's literature"", ""Comedy""}"
94,Brideshead Revisited,Evelyn Waugh,"{""Fiction""}"
95,Fathers and Sons,Ivan Turgenev,"{""Politics"", ""Fiction"", ""Philosophy""}"
96,A Problem from Hell: America and the Age of Genocide,Samantha Power,"{""Non-fiction""}"
97,Ranks of Bronze,David Drake,"{""Science Fiction""}"
98,The Diamond as Big as the Ritz,F. Scott Fitzgerald,"{""Science Fiction"", ""Fiction"", ""Novella""}"
99,Learning the World,Ken MacLeod,"{""Science Fiction"",""Speculative fiction"", ""Fiction"", ""Novel""}"
100,Whale Talk,Chris Crutcher,"{""Children's literature"", ""Young adult literature""}"
101,Corona,Greg Bear,"{""Science Fiction"",""Speculative fiction""}"
102,Alvin Journeyman,Orson Scott Card,"{""Alternate history"", ""Science Fiction"",""Speculative fiction"", ""Fantasy"", ""Fiction""}"
103,Sharpe's Devil,Bernard Cornwell,"{""Historical novel""}"
104,Paladin of Souls,Lois McMaster Bujold,"{""Speculative fiction"", ""Fantasy""}"
105,Elantris,Brandon Sanderson,"{""Speculative fiction"", ""Fantasy""}"
106,A Cool Million,Nathanael West,"{""Parody"", ""Comedy"", ""Farce"", ""Fiction""}"
107,The Radiant Seas,Catherine Asaro,"{""Science Fiction"",""Speculative fiction"", ""Fiction""}"
108,Wizard of the Pigeons,Robin Hobb,"{""Speculative fiction"", ""Fantasy""}"
109,Germs: Biological Weapons and America's Secret War,William Broad,"{""Non-fiction""}"
110,The Prince and Betty,P. G. Wodehouse,"{""Comic novel"", ""Comedy"", ""Fiction""}"
111,Karmabhoomi,Munshi Premchand,"{""Novel""}"
112,The Alien,K. A. Applegate,"{""Science Fiction"",""Speculative fiction"", ""Novel""}"
113,A Mysterious Affair of Style,Gilbert Adair,"{""Mystery""}"
114,Run for Your Life,Lionel Davidson,"{""Children's literature""}"
115,In Search of a Distant Voice,Taichi Yamada,"{""Fiction""}"
116,First King of Shannara,Terry Brooks,"{""Speculative fiction"", ""Fantasy"",""Fantasy""}"
117,Singularity,William Sleator,"{""Science Fiction"",""Speculative fiction"",""Children's literature"", ""Fiction""}"
118,The Rats,James Herbert,"{""Mystery"",""Speculative fiction"", ""Horror"", ""Fiction"", ""Suspense""}"
119,A World of Difference,Harry Turtledove,"{""Alternate history"", ""Science Fiction"",""Speculative fiction"", ""Fantasy"", ""Fiction""}"
120,The Goblin Tower,L. Sprague de Camp,"{""Speculative fiction"", ""Fantasy"", ""Fiction""}"
121,The Man with the Golden Gun,Ian Fleming,"{""Spy fiction""}"
122,The Short-Timers,Gustav Hasford,"{""Autobiographical novel"",""Speculative fiction"", ""Fiction"", ""War novel""}"
123,Timescape,Gregory Benford,"{""Science Fiction"", ""Novel"",""Speculative fiction"", ""Fantasy"", ""Fiction"", ""Time travel""}"
124,When Jonathan Died,Tony Duvert,"{""Novel""}"
125,Love-Letters Between a Nobleman and His Sister,Aphra Behn,"{""Roman"", ""Epistolary novel"", ""Poetry"", ""Romance novel"", ""Fiction""}"
126,The Great Time Machine Hoax,Keith Laumer,"{""Science Fiction"",""Speculative fiction""}"
127,Freaky Friday,Mary Rodgers,"{""Children's literature"", ""Young adult literature"",""Speculative fiction"", ""Fiction"", ""Comedy""}"
128,The Resurrection Casket,Justin Richards,"{""Science Fiction"",""Speculative fiction""}"
129,The Rhinemann Exchange,Robert Ludlum,"{""Spy fiction""}"
130,The Torture Garden,Octave Mirbeau,"{""Speculative fiction"", ""Fiction""}"
131,Close to the Ground,Jeff Mariotte,"{""Speculative fiction"", ""Horror"",""Children's literature""}"
132,Adventures of Mr. Nicholas Wisdom,Ignacy Krasicki,"{""Novel""}"
133,The Summer That Never Was,Peter Robinson,"{""Crime Fiction"",""Mystery""}"
134,Sylvie and Bruno,Lewis Carroll,"{""Children's literature"", ""Fantasy""}"
135,Les Liaisons dangereuses,Pierre Choderlos de Laclos,"{""Epistolary novel""}"
136,The Spire,William Golding,"{""Speculative fiction"",""Children's literature"", ""Fiction"", ""Novel""}"
137,The Twelve Chairs,Ilya Ilf,"{""Satire""}"
138,"The Clockwork Testament, or Enderby's End",Anthony Burgess,"{""Speculative fiction""}"
139,Winston's War,Michael Dobbs,"{""Historical novel""}"
140,The Sherwood Ring,Elizabeth Marie Pope,"{""Fantasy"",""Children's literature"", ""Young adult literature""}"
141,Jennie,Douglas Preston,"{""Thriller"", ""Science Fiction"", ""Adventure novel""}"
142,South By South East,Anthony Horowitz,"{""Children's literature""}"
143,Vengeance of Orion,Ben Bova,"{""Science Fiction""}"
144,Danse Macabre,Stephen King,"{""Horror"",""Non-fiction""}"
145,It,Stephen King,"{""Speculative fiction"", ""Horror""}"
146,In a Free State,V.S. Naipaul,"{""Short story""}"
147,But'n'Ben A-Go-Go,Matthew Fitt,"{""Speculative fiction""}"
148,Leven Thumps and the Eyes of The Want,Obert Skye,"{""Speculative fiction"", ""Fantasy"",""Children's literature""}"
149,The Dark Abode,Dr.Sarojini Sahoo,"{""Novel""}"
150,Eyes of the Storm,Jeff Smith,"{""Children's literature"", ""Fantasy"", ""Comedy"", ""Humour""}"
151,Snowglobe 7,Mike Tucker,"{""Speculative fiction""}"
152,Mortal Causes,Ian Rankin,"{""Crime Fiction"", ""Detective fiction"", ""Novel"",""Mystery"", ""Suspense"", ""Fiction""}"
153,Knowledge of Angels,Jill Paton Walsh,"{""Crime Fiction"",""Mystery"", ""Historical fiction"", ""Fiction""}"
154,Fablehaven: Keys to the Demon Prison,Brandon Mull,"{""Fantasy""}"
155,Crown of Shadows,Celia S. Friedman,"{""Speculative fiction"", ""Fantasy""}"
156,The Soft Machine,William S. Burroughs,"{""Speculative fiction"", ""Novel""}"
157,Leo Africanus,Amin Maalouf,"{""Historical novel""}"
158,Doctor Zhivago,Boris Pasternak,"{""Novel"", ""Fiction"", ""Romance novel"", ""Historical novel""}"
159,Friends in Low Places,Simon Raven,"{""Mystery""}"
160,Enrique's Journey,Sonia Nazario,"{""Non-fiction"", ""Novel""}"
161,Between Mom and Jo,Julie Anne Peters,"{""Young adult literature""}"
162,The Taggerung,Brian Jacques,"{""Children's literature"", ""Fantasy"",""Speculative fiction"", ""Fiction""}"
163,Angela's Ashes,Frank McCourt,"{""Biography"",""Memoir""}"
164,Dead Souls,Nikolai Gogol,"{""Fiction""}"
165,The Falcon at the Portal,Barbara Mertz,"{""Mystery"", ""Historical novel""}"
166,The Clue in the Old Stagecoach,Carolyn Keene,"{""Mystery"", ""Detective fiction"",""Children's literature""}"
167,Dark Secret,Christine Feehan,"{""Speculative fiction"", ""Fantasy"", ""Fiction"", ""Romance novel""}"
168,Cyborg,Martin Caidin,"{""Techno-thriller"",""Speculative fiction"", ""Science Fiction""}"
169,True at First Light,Ernest Hemingway,"{""Fiction""}"
170,The Innocent,Ian McEwan,"{""Fiction""}"
171,The President Vanishes,Rex Stout,"{""Thriller"",""Mystery"",""Speculative fiction"", ""Fiction"", ""Suspense""}"
172,Paradise News,David Lodge,"{""Fiction"", ""Novel""}"
173,The Deed of Paksenarrion,Elizabeth Moon,"{""Science Fiction"",""Speculative fiction"", ""Fantasy"", ""Fiction"",""Fantasy""}"
174,Unnatural Exposure,Patricia Cornwell,"{""Crime Fiction"",""Mystery"", ""Novel"", ""Fiction"", ""Suspense""}"
175,Echoes of the great song,David Gemmell,"{""Speculative fiction"", ""Fantasy"", ""Fiction""}"
176,Dead Girls,Richard Calder,"{""Science Fiction"",""Speculative fiction""}"
177,Monster Island,David Wellington,"{""Speculative fiction"", ""Horror""}"
178,Smile,Raina Telgemeier,"{""Autobiography"", ""Graphic novel""}"
179,The Magic School Bus at the Waterworks,Joanna Cole,"{""Children's literature"", ""Science""}"
180,Marjorie Morningstar,Herman Wouk,"{""Fiction""}"
181,Thirteen Moons,Charles Frazier,"{""Historical novel""}"
182,Saturnalia,Joel Spector,"{""Crime Fiction"",""Speculative fiction"", ""Historical fiction"",""Mystery"", ""Suspense"", ""Fiction""}"
183,The Stone Monkey,Jeffery Deaver,"{""Crime Fiction"", ""Fiction"", ""Suspense""}"
184,Bachelor of Arts,R. K. Narayan,"{""Fiction"", ""Novel""}"
185,I Am a Barbarian,Edgar Rice Burroughs,"{""Historical novel""}"
186,Toilers of the Sea,Victor Hugo,"{""Fiction"", ""Novel""}"
187,"Thrones, Dominations",Jill Paton Walsh,"{""Mystery"", ""Fiction"", ""Suspense""}"
188,Camber the Heretic,Katherine Kurtz,"{""Science Fiction"",""Speculative fiction"", ""Fantasy"", ""Fiction""}"
189,Figgs & Phantoms,Ellen Raskin,"{""Young adult literature""}"
190,Friend of the Devil,Peter Robinson,"{""Crime Fiction"",""Mystery""}"
191,Hard-Boiled Wonderland and the End of the World,Haruki Murakami,"{""Speculative fiction"", ""Novel""}"
192,A Right to Die,Rex Stout,"{""Mystery"", ""Detective fiction"", ""Fiction"", ""Suspense""}"
193,The Broker,John Grisham,"{""Thriller"",""Mystery"", ""Novel"", ""Fiction"", ""Suspense""}"
194,Le père de nos pères,Bernard Werber,"{""Science Fiction"",""Speculative fiction""}"
195,No Longer at Ease,Chinua Achebe,"{""Fiction"", ""Novel""}"
196,The Ballad of Beta-2,Samuel R. Delany,"{""Science Fiction"",""Speculative fiction""}"
197,The Last Theorem,Frederik Pohl,"{""Science Fiction"",""Speculative fiction""}"
198,A House Like a Lotus,Madeleine L'Engle,"{""Novel"",""Children's literature"", ""Young adult literature"",""Speculative fiction"", ""Fiction""}"
199,Surak's Soul,Jeanne Kalogridis,"{""Science Fiction""}"
200,The Steel Tsar,Michael Moorcock,"{""Alternate history"", ""Science Fiction"",""Speculative fiction"", ""Fiction""}"
201,The Viscount of Adrilankha,Steven Brust,"{""Fantasy""}"
202,Five Get into a Fix,Enid Blyton,"{""Mystery"", ""Adventure novel""}"
203,"Martians, Go Home",Fredric Brown,"{""Science Fiction"",""Speculative fiction""}"
204,Sliding Scales,Alan Dean Foster,"{""Science Fiction"",""Speculative fiction"", ""Fiction""}"
205,Dreadful Sanctuary,Eric Frank Russell,"{""Science Fiction""}"
206,Who Goes There?,John W. Campbell,"{""Science Fiction"",""Speculative fiction""}"
207,Sandworms of Dune,Kevin J. Anderson,"{""Science Fiction"",""Speculative fiction"", ""Fiction""}"
208,Love Creeps,Amanda Filipacchi,"{""Fiction"", ""Romance novel"", ""Novel""}"
209,That Hideous Strength,C. S. Lewis,"{""Science Fiction"",""Speculative fiction"", ""Fantasy"", ""Fiction"", ""Dystopia""}"
210,"The Boats of the ""Glen Carrig""",William Hope Hodgson,"{""Fantasy"",""Speculative fiction"", ""Horror"", ""Fiction""}"
211,Maximum Ride: School's Out Forever,James Patterson,"{""Speculative fiction"", ""Young adult literature""}"
212,Nylon Angel,Marianne de Pierres,"{""Science Fiction"",""Speculative fiction""}"
213,Bloodhype,Alan Dean Foster,"{""Science Fiction"",""Speculative fiction"", ""Fantasy"", ""Fiction""}"
214,The Judas Pair,John Grant,"{""Crime Fiction"",""Mystery""}"
215,The Blithedale Romance,Nathaniel Hawthorne,"{""Roman"", ""Fiction"", ""Historical novel""}"
216,When Darkness Falls,Mercedes Lackey,"{""Speculative fiction"", ""Fantasy"", ""Fiction""}"
217,Hangman's Curse,Frank E. Peretti,"{""Mystery"", ""Young adult literature""}"
218,The Scorpio Illusion,Robert Ludlum,"{""Spy fiction"", ""Reference"", ""Fiction""}"
219,The Gift of Asher Lev,Chaim Potok,"{""Novel""}"
220,The Transmigration of Timothy Archer,Philip K. Dick,"{""Speculative fiction"", ""Novel""}"
221,Terminal Freeze,Lincoln Child,"{""Thriller"", ""Science Fiction""}"
222,Dawn,Dean McLaughlin,"{""Science Fiction"",""Speculative fiction"", ""Fiction""}"
223,Charon: A Dragon at the Gate,Jack L. Chalker,"{""Science Fiction"",""Speculative fiction""}"
224,From Here to Eternity,James Jones,"{""War novel"", ""Fiction""}"
225,Viaţa ca o pradă,Marin Preda,"{""Novel""}"
226,Castle in the Air,Diana Wynne Jones,"{""Fantasy"",""Children's literature"", ""Young adult literature"",""Speculative fiction"", ""Fiction""}"
227,Utilitarianism,John Stuart Mill,"{""Business"", ""Economics"", ""Philosophy"", ""Sociology""}"
228,The General of the Dead Army,Ismail Kadare,"{""History""}"
229,The Tale of Mrs. Tiggy-Winkle,Beatrix Potter,"{""Children's literature"", ""Fiction""}"
230,Red Dwarf: Infinity Welcomes Careful Drivers,Rob Grant,"{""Science Fiction"", ""Comic novel"",""Speculative fiction""}"
231,"Not a Penny More, Not a Penny Less",Jeffrey Archer,"{""Fiction""}"
232,The Color of Her Panties,Piers Anthony,"{""Speculative fiction"", ""Fantasy""}"
233,Wolf Moon,Charles de Lint,"{""Speculative fiction"", ""Fantasy"", ""Fiction""}"
234,The Poisonwood Bible,Barbara Kingsolver,"{""Fiction"", ""Novel""}"
235,Last Orders,Brian Aldiss,"{""Speculative fiction"", ""Fiction"", ""Novel""}"
236,The Magic of Krynn,Margaret Weis,"{""Speculative fiction"", ""Fantasy""}"
237,Halo: First Strike,Eric S. Nylund,"{""Science Fiction"",""Speculative fiction""}"
238,The One Percent Doctrine: Deep Inside America's Pursuit of Its Enemies Since 9/11,Ron Suskind,"{""Non-fiction""}"
239,The Black Unicorn,Terry Brooks,"{""Children's literature"", ""Fantasy"",""Speculative fiction"", ""Fiction""}"
240,The Golden Ass,Apuleius,"{""Picaresque novel""}"
241,The Black Swan: The Impact of the Highly Improbable,Nassim Nicholas Taleb,"{""Non-fiction""}"
242,A Dog's Life: The Autobiography of a Stray,Ann M. Martin,"{""Children's literature""}"
243,The Haunted Woman,David Lindsay,"{""Fantasy""}"
244,Daz 4 Zoe,Robert Swindells,"{""Young adult literature""}"
245,1Q84,Haruki Murakami,"{""Alternate history""}"
246,The Delivery Man,Joe McGinniss Jr.,"{""Novel""}"
247,The Eyes of Darkness,Dean Koontz,"{""Speculative fiction"", ""Horror"", ""Fiction"", ""Romance novel"", ""Suspense""}"
248,The Last Boleyn Book,Karen Harper,"{""Historical fiction""}"
249,Betrayal,Aaron Allston,"{""Science Fiction"",""Speculative fiction""}"
250,Kushiel's Chosen,Jacqueline Carey,"{""Speculative fiction"", ""Fantasy""}"
251,The Black Rose,Thomas B. Costain,"{""Historical novel""}"
252,The Hero with a Thousand Faces,Joseph Campbell,"{""Psychology"", ""Fiction"", ""Philosophy"", ""Sociology""}"
253,The People That Time Forgot,Edgar Rice Burroughs,"{""Science Fiction"",""Speculative fiction"", ""Fantasy"", ""Fiction""}"
254,My Left Foot,Christy Brown,"{""Autobiography""}"
255,And Having Writ…,Donald R. Bensen,"{""Alternate history"", ""Science Fiction"",""Speculative fiction""}"
256,Breakpoint,Richard A. Clarke,"{""Cyberpunk"", ""Science Fiction"", ""Fiction""}"
257,The Woman Who Rides Like a Man,Tamora Pierce,"{""Children's literature"", ""Fantasy"",""Speculative fiction"", ""Fiction""}"
258,A Darkness at Sethanon,Raymond E. Feist,"{""Speculative fiction"", ""Fantasy""}"
259,Freckle Juice,Judy Blume,"{""Children's literature"", ""Fiction""}"
260,The Ugly Swans,Arkady Strugatsky,"{""Science Fiction"",""Speculative fiction""}"
261,The Boat of a Million Years,Poul Anderson,"{""Science Fiction"",""Speculative fiction"", ""Fantasy"", ""Fiction""}"
262,We Who Are About To...,Joanna Russ,"{""Science Fiction""}"
263,Valley of the Dolls,Jacqueline Susann,"{""Romance novel""}"
264,A Fine and Private Place,Peter S. Beagle,"{""Fantasy""}"
265,Fer-de-Lance,Rex Stout,"{""Mystery"", ""Detective fiction"", ""Fiction"", ""Suspense""}"
266,Tono-Bungay,H. G. Wells,"{""Science Fiction"", ""Fiction"", ""Novel""}"
267,Stormrider,David Gemmell,"{""Speculative fiction"", ""Fantasy"", ""Fiction""}"
268,Fire in the Mist,Holly Lisle,"{""Science Fiction"", ""Fantasy"", ""Fiction""}"
269,The Ringmaster's Secret,Carolyn Keene,"{""Mystery"", ""Detective fiction"",""Children's literature""}"
270,Mao II,Don DeLillo,"{""Speculative fiction"", ""Fiction"", ""Novel""}"
271,Budding Prospects,T. Coraghessan Boyle,"{""Novel""}"
272,The Good Husband of Zebra Drive,Alexander McCall Smith,"{""Mystery"", ""Detective fiction"", ""Fiction""}"
273,Briar Rose,Jane Yolen,"{""Fantasy"",""Children's literature"", ""Young adult literature"",""Speculative fiction"", ""Fiction""}"
274,Ghoul,Brian Keene,"{""Speculative fiction"", ""Horror"", ""Fiction""}"
275,The Man-eaters of Tsavo,John Henry Patterson,"{""Non-fiction""}"
276,The Virgin Suicides,Jeffrey Eugenides,"{""Fiction"", ""Novel""}"
277,Fablehaven: Rise of the Evening Star,Brandon Mull,"{""Fantasy""}"
278,Dangling Man,Saul Bellow,"{""Fiction"", ""Novel""}"
279,The Last Dodo,Jacqueline Rayner,"{""Speculative fiction""}"
280,Balthasar's Odyssey,Amin Maalouf,"{""Historical novel""}"
281,Glass Dragons,Sean McMullen,"{""Speculative fiction"", ""Fantasy""}"
282,1632,Eric Flint,"{""Science Fiction"",""Speculative fiction"", ""Novel"", ""Alternate history"", ""Historical fiction"", ""Fantasy"", ""Fiction""}"
283,Blood Work,Michael Connelly,"{""Crime Fiction"", ""Novel""}"
284,Magic Steps,Tamora Pierce,"{""Science Fiction"",""Children's literature"", ""Fantasy"",""Speculative fiction"", ""Fiction""}"
285,The Necromancer: The Secrets of the Immortal Nicholas Flamel,Michael Scott,"{""Thriller"", ""Fantasy""}"
286,Women in Love,D. H. Lawrence,"{""Fiction"", ""Romance novel""}"
287,The Feast of All Saints,Anne Rice,"{""Speculative fiction"", ""Historical fiction"", ""Fiction""}"
288,Bad Land: An American Romance,Jonathan Raban,"{""Travel"", ""Fiction"", ""Romance novel""}"
289,The Daughters of the Late Colonel,Katherine Mansfield,"{""Fiction""}"
290,What Is the What: The Autobiography of Valentino Achak Deng,Dave Eggers,"{""Fiction"",""Memoir""}"
291,The World Is Not Enough,Raymond Benson,"{""Spy fiction"", ""Fiction""}"
292,The Murderer is a Fox,Frederic Dannay,"{""Mystery""}"
293,Shampoo Planet,Douglas Coupland,"{""Fiction"", ""Novel""}"
294,The Clock Winder,Anne Tyler,"{""Fiction""}"
295,The Problem of the Covered Bridge,Edward D. Hoch,"{""Short story""}"
296,Sunstorm,Stephen Baxter,"{""Science Fiction"",""Speculative fiction""}"
297,The Legend That Was Earth,James P. Hogan,"{""Science Fiction"",""Speculative fiction""}"
298,The Emperor's Candlesticks,Baroness Emma Orczy,"{""Adventure novel"", ""Historical novel""}"
299,Secrets of the Morning,V. C. Andrews,"{""Gothic fiction"", ""Young adult literature""}"
300,Sharpe's Gold,Bernard Cornwell,"{""Historical novel""}"
301,CHERUB: The Killing,Robert Muchamore,"{""Thriller"", ""Spy fiction"",""Children's literature""}"
302,The Little White Horse,Elizabeth Goudge,"{""Speculative fiction"", ""Fantasy"",""Children's literature""}"
303,Stork Naked,Piers Anthony,"{""Speculative fiction"", ""Fantasy"", ""Fiction""}"
304,Star Wars Jedi Quest 8: The Changing of the Guard,Judy Blundell,"{""Science Fiction""}"
305,Fire in Stubble,Baroness Emma Orczy,"{""Romance novel""}"
306,The Krytos Trap,Michael A. Stackpole,"{""Science Fiction"",""Speculative fiction"", ""Fantasy"", ""Fiction""}"
307,Lords and Ladies,Terry Pratchett,"{""Science Fiction"",""Speculative fiction"", ""Fantasy"", ""Fiction""}"
308,The Day of Reckoning,Judy Blundell,"{""Science Fiction"",""Speculative fiction"",""Children's literature"", ""Fiction""}"
309,The Woman Warrior,Maxine Hong Kingston,"{""Autobiography"",""Children's literature"", }"
310,Timewyrm: Genesys,John Peel,"{""Speculative fiction""}"
311,The Singing Tree,Kate Seredy,"{""Children's literature""}"
312,From the Earth to the Moon,Jules Verne,"{""Science Fiction"",""Speculative fiction"", ""Novel"", ""Scientific romance""}"
313,"Wolf's Head, Wolf's Heart",Jane Lindskold,"{""Speculative fiction"", ""Fantasy""}"
314,Epic,Conor Kostick,"{""Fantasy"", ""Young adult literature""}"
315,Mariel of Redwall,Brian Jacques,"{""Children's literature"", ""Fantasy"",""Speculative fiction"", ""Fiction""}"
316,The Clue in the Crumbling Wall,Carolyn Keene,"{""Mystery"", ""Detective fiction"",""Children's literature"", ""Fiction""}"
317,Seawitch,Alistair MacLean,"{""Thriller""}"
318,The Interruption of Everything,Terry McMillan,"{""Novel""}"
319,Shadows on the Rock,Willa Cather,"{""Children's literature"", ""Fiction"", ""Historical novel""}"
320,Kings of the High Frontier,Victor Koman,"{""Hard science fiction"", ""Science Fiction"",""Speculative fiction""}"
321,Mona Lisa Overdrive,William Gibson,"{""Cyberpunk"", ""Science Fiction"",""Speculative fiction"", ""Novel"", ""Dystopia""}"
322,Straken,Terry Brooks,"{""Science Fiction"",""Speculative fiction"", ""Fantasy"", ""Fiction""}"
323,Shadow's Edge,Brent Weeks,"{""Fantasy""}"
324,Destry Rides Again,Frederick Schiller Faust,"{""Western fiction""}"
325,The Honorable Barbarian,L. Sprague de Camp,"{""Speculative fiction"", ""Fantasy""}"
326,"Lad, A Dog",Albert Payson Terhune,"{""Young adult literature""}"
327,House Made of Dawn,N. Scott Momaday,"{""Historical fiction"",""Children's literature"", ""Fiction"", ""Novel""}"
328,Things My Girlfriend and I Have Argued About,Mil Millington,"{""Novel""}"
329,Blindsight,Peter Watts,"{""Science Fiction"",""Speculative fiction""}"
330,The Pendragon Adventure,D.J. MacHale,"{""Fantasy"", ""Science Fiction"", ""Young adult literature""}"
331,Mattimeo,Brian Jacques,"{""Children's literature"", ""Fantasy"",""Speculative fiction"", ""Fiction""}"
332,Less than Angels,Barbara Pym,"{""Fiction""}"
333,The Return of Tarzan,Edgar Rice Burroughs,"{""Science Fiction"",""Children's literature"", ""Reference"", ""Adventure novel"",""Speculative fiction"", ""Fantasy"", ""Fiction""}"
334,Double Whammy,Carl Hiaasen,"{""Mystery"", ""Suspense""}"
335,The Stingray Shuffle,Tim Dorsey,"{""Crime Fiction""}"
336,Xenocide,Orson Scott Card,"{""Science Fiction"",""Speculative fiction"", ""Fantasy"", ""Fiction""}"
337,The Fall of the Templar,Derek Benz,"{""Science Fiction"",""Children's literature"", ""Fiction"", ""Adventure novel""}"
338,Vampirates:Black Heart,Justin Somper,"{""Children's literature""}"
339,Tom Swift and His Electric Runabout,Victor Appleton,"{""Young adult literature"", ""Adventure novel""}"
340,Cold is the Grave,Peter Robinson,"{""Crime Fiction"",""Mystery""}"
341,"Morning, Noon and Night",Sidney Sheldon,"{""Crime Fiction"", ""Fiction""}"
342,Islands of Space,John W. Campbell,"{""Science Fiction""}"
343,The Moral Landscape,Sam Harris,"{""Sociology""}"
344,Seeing is Believing,John Dickson Carr,"{""Mystery"", ""Detective fiction"", ""Novel""}"
345,Lock and Key,Sarah Dessen,"{""Children's literature"", ""Young adult literature"", ""Fiction""}"
346,The Red Necklace,Sally Gardner,"{""Historical novel""}"
347,The Outcry,Henry James,"{""Novel""}"
348,San Andreas,Alistair MacLean,"{""Historical fiction"", ""Novel""}"
349,The Age of the Pussyfoot,Frederik Pohl,"{""Science Fiction"",""Speculative fiction""}"
350,The Green Futures of Tycho,William Sleator,"{""Science Fiction"",""Children's literature"",""Speculative fiction"", ""Young adult literature"", ""Fantasy"", ""Fiction""}"
351,Jurassic Adventures: Survivor,Scott Ciencin,"{""Science Fiction"", ""Fantasy""}"
352,No More Dead Dogs,Gordon Korman,"{""Children's literature""}"
353,Heidi,Johanna Spyri,"{""Children's literature""}"
354,The Story of the Phantom: The Ghost Who Walks,Lee Falk,"{""Science Fiction""}"
355,The Front Runner,Patricia Nell Warren,"{""Fiction""}"
356,Ender in Exile: Ganges,Orson Scott Card,"{""Science Fiction"",""Speculative fiction""}"
357,My Lucky Star,Joe Keenan,"{""Novel""}"
358,Evil Star,Anthony Horowitz,"{""Thriller"", ""Fantasy"", ""Fiction"", ""Adventure novel""}"
359,The Keep,Jennifer Egan,"{""Novel""}"
360,Bull Run,Paul Fleischman,"{""Historical novel"",""Children's literature"", ""Reference"",""Speculative fiction"", ""Fiction""}"
361,The Prestige,Christopher Priest,"{""Science Fiction"",""Speculative fiction"",""Mystery"", ""Fantasy"", ""Fiction"", ""Suspense""}"
362,"It's Like This, Cat",Emily Neville,"{""Children's literature""}"
363,253,Geoff Ryman,"{""Science Fiction"",""Speculative fiction"", ""Fiction""}"
364,The One Tree,Stephen R. Donaldson,"{""Fantasy"", ""Science Fiction"",""Speculative fiction"", ""Horror"", ""Fiction""}"
365,Colony,Melinda Metz,"{""Speculative fiction"", ""Horror""}"
366,Don't Judge A Girl By Her Cover,Ally Carter,"{""Young adult literature""}"
367,The Color of Death: A Sir John Fielding Mystery,Bruce Cook,"{""Crime Fiction"", ""Historical novel""}"
368,The Ravenous,T. M. Gray,"{""Horror"", ""Fiction""}"
369,Jasmine,Bharati Mukherjee,"{""Fiction"", ""Novel""}"
370,Reading Like a Writer,Francine Prose,"{""Non-fiction""}"
371,Strange Piece of Paradise,Terri Jentz,"{""Non-fiction""}"
372,Dragons' Wrath,Justin Richards,"{""Speculative fiction""}"
373,Spadework,Timothy Findley,"{""Fiction"", ""Novel""}"
374,Showdown at Centerpoint,Roger MacBride Allen,"{""Science Fiction"",""Speculative fiction"", ""Fiction""}"
375,Romance of the Three Kingdoms,Luo Guanzhong,"{""War novel"", ""Historical novel""}"
376,Teen Idol,Meg Cabot,"{""Young adult literature""}"
377,The Efficiency Expert,Edgar Rice Burroughs,"{""Novel""}"
378,Demons of Chitrakut,Ashok Banker,"{""Religion""}"
379,The Chrysalids,John Wyndham,"{""Science Fiction"",""Speculative fiction"", ""Fiction""}"
380,The Sundial,Shirley Jackson,"{""Speculative fiction"", ""Fiction"", ""Novel""}"
381,Academ's Fury,Jim Butcher,"{""Speculative fiction"", ""Fantasy"",""Fantasy""}"
382,La Anam,Ihsan Abdel Quddous,"{""Drama"", ""Romance novel""}"
383,Zorba the Greek,Nikos Kazantzakis,"{""Fiction"", ""Novel""}"
384,King Kelson's Bride,Katherine Kurtz,"{""Speculative fiction"", ""Fantasy""}"
385,Watch and Ward,Henry James,"{""Novel""}"
386,Hostage,Robert Crais,"{""Thriller"",""Mystery"", ""Fiction"", ""Suspense""}"
387,The Journey of Ibn Fattouma,Naguib Mahfouz,"{""Novel""}"
388,Disturbing the Peace,Richard Yates,"{""Novel""}"
389,Doctor Thorne,Anthony Trollope,"{""Historical fiction"", ""Fiction""}"
390,The Saint and the Fiction Makers,Leslie Charteris,"{""Mystery""}"
391,Lost City,Clive Cussler,"{""Thriller"", ""Novel"", ""Adventure novel""}"
392,Children of God,Mary Doria Russell,"{""Science Fiction"",""Speculative fiction"", ""Fiction""}"
393,The Ancestor Cell,Stephen Cole,"{""Speculative fiction""}"
394,The Fury,John Farris,"{""Thriller"",""Speculative fiction"", ""Horror""}"
395,Miss Hickory,Carolyn Sherwin Bailey,"{""Children's literature"", ""Fantasy"", ""Fiction""}"
396,Agent Arthur's Desert Challenge,Martin Oliver,"{""Children's literature""}"
397,Clockwork Angel,Cassandra Clare,"{""Fantasy"", ""Young adult literature"", ""Romance novel""}"
398,Cemetery Dance,Douglas Preston,"{""Thriller""}"
399,The Ruby Dice,Catherine Asaro,"{""Science Fiction"",""Speculative fiction""}"
400,As the Crow Flies,Jeffrey Archer,"{""Historical fiction"", ""Fiction"", ""Novel""}"
401,Skinwalkers,Tony Hillerman,"{""Mystery"",""Speculative fiction"",""Children's literature"", ""Fiction"", ""Suspense""}"
402,1636: The Saxon Uprising,Eric Flint,"{""Alternate history"", ""Science Fiction""}"
403,I Know This Much Is True,Wally Lamb,"{""Fiction"", ""Novel""}"
404,In Other Worlds,A. A. Attanasio,"{""Science Fiction"",""Speculative fiction""}"
405,Peter Duck,Arthur Ransome,"{""Children's literature"", ""Fiction"", ""Adventure novel""}"
406,Keeping the Moon,Sarah Dessen,"{""Children's literature"", ""Young adult literature"", ""Fiction""}"
407,Blow Your House Down,Pat Barker,"{""Fiction""}"
408,Pirates of Venus,Edgar Rice Burroughs,"{""Science Fiction"",""Speculative fiction"", ""Fiction""}"
409,The Lies of Locke Lamora,Scott Lynch,"{""Speculative fiction"", ""Fantasy"", ""Novel""}"
410,The Bacta War,Michael A. Stackpole,"{""Science Fiction"",""Speculative fiction"", ""Fantasy"", ""Fiction""}"
411,Earthborn,Orson Scott Card,"{""Science Fiction"",""Speculative fiction"", ""Fantasy"", ""Fiction""}"
412,"He, She and It",Marge Piercy,"{""Science Fiction"",""Speculative fiction"", ""Fiction""}"
413,Under the Skin,Michel Faber,"{""Science Fiction"",""Speculative fiction"", ""Fiction""}"
414,The Ape Who Guards the Balance,Barbara Mertz,"{""Mystery"", ""Historical novel""}"
415,The Sea Devil's Eye,Mel Odom,"{""Speculative fiction"", ""Fantasy""}"
416,My Side of the Mountain,Jean Craighead George,"{""Children's literature"", ""Young adult literature""}"
417,Bullet Time,David A. McIntee,"{""Science Fiction""}"
418,Salt,Adam Roberts,"{""Science Fiction"",""Speculative fiction""}"
419,Half a Crown,Jo Walton,"{""Alternate history"", ""Science Fiction"",""Speculative fiction""}"
420,Day Watch,Vladimir Vasilyev,"{""Fantasy"",""Speculative fiction"", ""Horror""}"
421,Diary of an Ordinary Woman,Margaret Forster,"{""Novel""}"
422,Illegal Alien,Robert J. Sawyer,"{""Science Fiction"",""Speculative fiction"", ""Novel""}"
423,The Woven Path,Robin Jarvis,"{""Speculative fiction"", ""Fantasy"",""Children's literature""}"
424,The Chestnut King,N. D. Wilson,"{""Fantasy""}"
425,Sky Burial,Xinran Xue,"{""Novel""}"
426,Soul Trade,Thomas E. Sniegoski,"{""Speculative fiction"", ""Horror""}"
427,A Hat Full of Sky,Terry Pratchett,"{""Speculative fiction"",""Children's literature""}"
428,Dying of the Light,George R. R. Martin,"{""Science Fiction"",""Speculative fiction"", ""Fiction""}"
429,Sinister Barrier,Eric Frank Russell,"{""Science Fiction""}"
430,The Seven Dials Mystery,Agatha Christie,"{""Crime Fiction"",""Mystery"", ""Fiction"", ""Suspense""}"
431,Times Without Number,John Brunner,"{""Alternate history""}"
432,Aunts Aren't Gentlemen,P. G. Wodehouse,"{""Novel""}"
433,The Primrose Path,Bram Stoker,"{""Speculative fiction"", ""Novel""}"
434,The Real Life of Sebastian Knight,Vladimir Vladimirovich Nabokov,"{""Fiction""}"
435,Pertemuan Jodoh,Abdul Muis,"{""Novel""}"
436,Blink,Ted Dekker,"{""Thriller"",""Mystery"", ""Novel"", ""Fiction"", ""Suspense""}"
437,When the People Fell,Frederik Pohl,"{""Science Fiction"",""Speculative fiction"", ""Fiction""}"
438,Becoming Julia,Chris Westwood,"{""Young adult literature""}"
439,Sharpe's Fortress,Bernard Cornwell,"{""Historical novel""}"
440,False Colours,Georgette Heyer,"{""Mystery"", ""Historical fiction"", ""Fiction"", ""Romance novel"", ""Suspense""}"
441,Jaws,Peter Benchley,"{""Novel""}"
442,Tempest,Christopher Bulis,"{""Speculative fiction""}"
443,Dr. Franklin's Island,Gwyneth Jones,"{""Science Fiction"", ""Young adult literature""}"
444,Prisoners of Power,Boris Strugatsky,"{""Science Fiction"",""Speculative fiction""}"
445,Master Georgie,Beryl Bainbridge,"{""Historical novel""}"
446,Star Wars Republic Commando: Triple Zero,Karen Traviss,"{""Science Fiction"",""Speculative fiction"", ""Fiction""}"
447,A Body in the Bath House,Lindsey Davis,"{""Crime Fiction""}"
448,Wyatt's Hurricane,Desmond Bagley,"{""Thriller""}"
449,Buddy,Nigel Hinton,"{""Children's literature"", ""Fiction""}"
450,Death du Jour,Kathy Reichs,"{""Crime Fiction"",""Mystery"", ""Fiction""}"
451,I Didn't Mean to be Kevin,Caleb J. Ross,"{""Literary fiction""}"
452,Five Go To Mystery Moor,Enid Blyton,"{""Mystery"", ""Adventure novel""}"
453,A Redwall Winter's Tale,Brian Jacques,"{""Speculative fiction"", ""Fantasy"",""Children's literature""}"
454,The Sky Is Falling,Kit Pearson,"{""Young adult literature""}"
455,Who Censored Roger Rabbit?,Gary Wolf,"{""Mystery"",""Speculative fiction""}"
456,The Armies of Memory,John Barnes,"{""Science Fiction"",""Speculative fiction"", ""Fiction""}"
457,A Hero Ain't Nothin' but a Sandwich,Alice Childress,"{""Young adult literature""}"
458,Definitely Maybe,Boris Strugatsky,"{""Science Fiction""}"
459,A Visit from St. Nicholas,Clement Clarke Moore,"{""Children's literature""}"
460,Falconer's Lure,Antonia Forest,"{""Novel""}"
461,In Praise of the Stepmother,Mario Vargas Llosa,"{""Erotica"", ""Novel""}"
462,Song in the Silence,Elizabeth Kerner,"{""Science Fiction"",""Children's literature"", ""Fantasy"",""Speculative fiction"", ""Fiction""}"
463,Tempest-Tost,Robertson Davies,"{""Fiction""}"
464,The Book of Ebenezer Le Page,Gerald Basil Edwards,"{""Autobiographical novel""}"
465,Bones of the Hills,Conn Iggulden,"{""Historical novel""}"
466,A Golden Age,Tahmima Anam,"{""War novel"", ""Historical novel""}"
467,Hunter in the Dark,Monica Hughes,"{""Children's literature""}"
468,Icarus at the Edge of Time,Brian Greene,"{""Science Fiction"",""Children's literature""}"
469,Royal Assassin,Robin Hobb,"{""Science Fiction"",""Speculative fiction"", ""Fantasy"", ""Fiction""}"
470,Crossing the Line,Karen Traviss,"{""Science Fiction"",""Speculative fiction""}"
471,The Abyss,Orson Scott Card,"{""Science Fiction"",""Speculative fiction"", ""Fantasy"", ""Fiction""}"
472,The Book of Fours,Nancy Holder,"{""Science Fiction"",""Children's literature"", ""Horror"",""Speculative fiction"", ""Fantasy"", ""Fiction""}"
473,Rage of a Demon King,Raymond E. Feist,"{""Fantasy""}"
474,The Life and Loves of a She-Devil,Fay Weldon,"{""Mystery"", ""Novel"", ""Fiction"", ""Suspense""}"
475,Riceyman Steps,Arnold Bennett,"{""Fiction""}"
476,The Blue Afternoon,William Boyd,"{""Fiction"", ""Novel""}"
477,Noman,William Nicholson,"{""Fantasy""}"
478,Dombey and Son,Charles Dickens,"{""Novel""}"
479,Imaro,Charles R. Saunders,"{""Science Fiction"",""Speculative fiction"", ""Fantasy""}"
480,In the King's Service,Katherine Kurtz,"{""Speculative fiction"", ""Fantasy""}"
481,Parineeta,Sharat Chandra Chattopadhyay,"{""Novella""}"
482,Haunted,Kelley Armstrong,"{""Speculative fiction"", ""Fantasy"", ""Romance novel""}"
483,Forbidden,Caroline B. Cooney,"{""Mystery"",""Speculative fiction"", ""Young adult literature"", ""Romance novel""}"
484,To Light a Candle,Mercedes Lackey,"{""Speculative fiction"", ""Fantasy"", ""Fiction""}"
485,Love and Death,Jeff Mariotte,"{""Science Fiction"",""Children's literature"", ""Horror"",""Speculative fiction"", ""Fantasy"", ""Fiction""}"
486,Mystery of the Samurai Sword,Franklin W. Dixon,"{""Mystery"", ""Detective fiction""}"
487,Gates of Paradise,V. C. Andrews,"{""Gothic fiction"", ""Young adult literature""}"
488,The Paper Bag Princess,Robert Munsch,"{""Children's literature"", ""Fiction""}"
489,One Flew Over the Cuckoo's Nest,Ken Kesey,"{""Children's literature"", ""Fiction"", ""Novel""}"
490,Article 23,William R. Forstchen,"{""Science Fiction"",""Speculative fiction"", ""Fiction"", ""Novel""}"
491,Moving the Mountain,Charlotte Perkins Gilman,"{""Utopian and dystopian fiction""}"
492,Stranger in a Strange Land,Robert A. Heinlein,"{""Science Fiction"", ""Fiction""}"
493,Lion in the Valley,Barbara Mertz,"{""Mystery"", ""Historical novel""}"
494,Native Tongue,Carl Hiaasen,"{""Crime Fiction"",""Mystery"", ""Suspense""}"
495,Conversations in Sicily,Elio Vittorini,"{""Fiction""}"
496,The Slaves of Solitude,Patrick Hamilton,"{""Novel""}"
497,The Strange Death of Tory England,Geoffrey Wheatcroft,"{""Politics""}"
498,The Butterfly Kid,Chester Anderson,"{""Science Fiction"",""Speculative fiction"", ""Novel""}"
499,Tactics of Mistake,Gordon R. Dickson,"{""Science Fiction"",""Speculative fiction"", ""Fiction""}"
500,Child of a Dream,Valerio Massimo Manfredi,"{""Historical novel""}"
501,The Almost Moon,Alice Sebold,"{""Fiction""}"
502,The Genius and the Goddess,Aldous Huxley,"{""Romance novel""}"
503,Hocus Pocus,Kurt Vonnegut,"{""Science Fiction"",""Speculative fiction"", ""Fiction"", ""Novel""}"
504,Lord of the Nutcracker Men,Iain Lawrence,"{""Children's literature""}"
505,Beyond the Frontier: Dreadnaught,John G. Hemry,"{""Science Fiction""}"
506,Waiting for the Barbarians,John Maxwell Coetzee,"{""Speculative fiction"", ""Novel""}"
507,The Hooded Hawk Mystery,Franklin W. Dixon,"{""Mystery"", ""Detective fiction""}"
508,The Fallen,Thomas E. Sniegoski,"{""Speculative fiction""}"
509,Saints,Orson Scott Card,"{""History"", ""Science Fiction"", ""Fantasy"", ""Fiction""}"
510,"Catherine, Called Birdy",Karen Cushman,"{""Historical fiction"",""Children's literature"", ""Fiction"", ""Religion""}"
511,Firefox,Craig Thomas,"{""Techno-thriller"", ""Fiction""}"
512,The Dargonesti,Paul B. Thompson,"{""Speculative fiction"", ""Fantasy""}"
513,Or Die Trying,Sean Williams,"{""Science Fiction""}"
514,Patrick Butler for the Defense,John Dickson Carr,"{""Mystery"", ""Detective fiction""}"
515,Star Trek: The Motion Picture,Gene Roddenberry,"{""Science Fiction"",""Speculative fiction""}"
516,The Day My Bum Went Psycho,Andy Griffiths,"{""Children's literature"", ""Fiction""}"
517,The Lost Girl,D. H. Lawrence,"{""Novel""}"
518,Empire Star,Samuel R. Delany,"{""Science Fiction"",""Speculative fiction"", ""Novella""}"
519,Gunpowder Empire,Harry Turtledove,"{""Alternate history""}"
520,"Tony Hale, Space Detective",Hugh Walters,"{""Science Fiction""}"
521,Faith of My Fathers: A Family Memoir,Mark Salter,"{""Non-fiction""}"
522,"Soldier, Ask Not",Gordon R. Dickson,"{""Science Fiction"",""Speculative fiction"", ""Fantasy"", ""Fiction""}"
523,The Prophecy,K. A. Applegate,"{""Science Fiction"",""Speculative fiction"", ""Novel""}"
524,Sorcerer's Son,Phyllis Eisenstein,"{""Speculative fiction"", ""Fantasy""}"
525,The Tigers of Mompracem,Emilio Salgari,"{""Adventure novel""}"
526,The Mark of the Horse Lord,Rosemary Sutcliff,"{""Historical novel""}"
527,The Story of B,Daniel Quinn,"{""Novel""}"
528,The Blessing Way,Tony Hillerman,"{""Fiction""}"
529,Shroud of Shadow,Gael Baudino,"{""Fantasy""}"
530,Beauty,Raphael Selbourne,"{""Literary fiction""}"
531,Dune: The Battle of Corrin,Kevin J. Anderson,"{""Science Fiction"",""Speculative fiction""}"
532,Suttree,Cormac McCarthy,"{""Autobiographical novel"", ""Fiction""}"
533,The Body,Stephen King,"{""Novella""}"
534,The Black Prism,Brent Weeks,"{""Fantasy""}"
535,Death Masks,Jim Butcher,"{""Science Fiction"",""Speculative fiction"", ""Fantasy""}"
536,Red Prophet,Orson Scott Card,"{""Science Fiction"", ""Alternate history"",""Speculative fiction"", ""Fantasy"", ""Fiction"", ""Humour""}"
537,Free Air,Sinclair Lewis,"{""Fiction""}"
538,All God's Children Need Traveling Shoes,Maya Angelou,"{""Autobiography""}"
539,A Glimpse of Tiger,Herman Raucher,"{""Novel""}"
540,Area 7,Matthew Reilly,"{""Techno-thriller"", ""Fiction""}"
541,Year of Wonders,Geraldine Brooks,"{""Historical fiction"", ""Fiction"", ""Historical novel""}"
542,The Sum of All Fears,Tom Clancy,"{""Thriller"",""Speculative fiction"", ""Fiction""}"
543,The Cat Who Had 60 Whiskers,Lilian Jackson Braun,"{""Crime Fiction"",""Mystery"", ""Fiction"", ""Novel""}"
544,The Winter King,Bernard Cornwell,"{""Speculative fiction"", ""Fantasy"", ""Fiction"", ""Historical novel""}"
545,Po-on,F. Sionil José,"{""Fiction""}"
546,The Enchanted Island of Yew,L. Frank Baum,"{""Speculative fiction"", ""Fantasy"",""Children's literature""}"
547,The Art of Fielding,Chad Harbach,"{""Literary fiction""}"
548,The Titan,P. Schuyler Miller,"{""Business"", ""Inspirational"",""Speculative fiction"", ""Economics"", ""Fiction"", ""Novel""}"
549,King's Man,Angus Donald,"{""Historical fiction""}"
550,Tarzan and the Forbidden City,Edgar Rice Burroughs,"{""Speculative fiction"", ""Adventure novel""}"
551,Salem Falls,Jodi Picoult,"{""Crime Fiction"", ""Novel""}"
552,The Tommyknockers,Stephen King,"{""Science Fiction"",""Children's literature"", ""Horror"",""Speculative fiction"", ""Fiction""}"
553,Children of Scarabaeus,Sara Creasy,"{""Novel"", ""Romance novel""}"
554,The Alchymist's Cat,Robin Jarvis,"{""Speculative fiction"", ""Fantasy""}"
555,Gerald's Game,Stephen King,"{""Thriller"",""Speculative fiction"", ""Horror""}"
556,Miss Lonelyhearts,Nathanael West,"{""Fiction""}"
557,Forest of Secrets,Victoria Holmes,"{""Speculative fiction"", ""Fantasy"",""Children's literature""}"
558,Click Here :,Denise Vega,"{""Speculative fiction"", ""Young adult literature""}"
559,The Commodore,Patrick O'Brian,"{""Historical fiction"", ""Fiction"", ""Historical novel""}"
560,Dragons of Spring Dawning,Margaret Weis,"{""Children's literature"", ""Fantasy"",""Speculative fiction"", ""Fiction""}"
561,If Only It Were True,Marc Levy,"{""Novel""}"
562,Death Note Another Note: The Los Angeles BB Murder Cases,Ishin Nishio,"{""Mystery"", ""Detective fiction""}"
563,The Last of the Jedi: Secret Weapon,Judy Blundell,"{""Science Fiction""}"
564,Tom Clancy's Splinter Cell,David Michaels,"{""Spy fiction""}"
565,Trouble with Lichen,John Wyndham,"{""Science Fiction"",""Speculative fiction""}"
566,Second Fiddle,Mary Wesley,"{""Novel""}"
567,It's Superman,Tom De Haven,"{""Science Fiction""}"
568,School Days,Robert B. Parker,"{""Detective fiction"",""Speculative fiction""}"
569,You Can't Live Forever,Harold Q. Masur,"{""Crime Fiction""}"
570,Point Blanc,Anthony Horowitz,"{""Thriller"", ""Spy fiction"",""Children's literature"", ""Fiction"", ""Adventure novel""}"
571,Expedition Venus,Hugh Walters,"{""Science Fiction"",""Speculative fiction""}"
572,Special Delivery,Steven Mark Sachs,"{""Speculative fiction"", ""Fiction"", ""Romance novel"", ""Novel""}"
573,Desolation Island,Patrick O'Brian,"{""Historical fiction"", ""Fiction"", ""Historical novel""}"
574,The Dark Portal,Robin Jarvis,"{""Children's literature"", ""Fantasy"",""Speculative fiction"", ""Fiction""}"
575,The Thief Queen's Daughter,Elizabeth Haydon,"{""Fantasy"", ""Young adult literature""}"
576,Jovah's Angel,Sharon Shinn,"{""Science Fiction"",""Speculative fiction"", ""Fantasy""}"
577,CHERUB: Man Vs. Beast,Robert Muchamore,"{""Thriller"", ""Spy fiction"",""Children's literature""}"
578,Night and Day,Robert B. Parker,"{""Crime Fiction""}"
579,The Sport of the Gods,Paul Laurence Dunbar,"{""Novel""}"
580,Dragon's Kin,Todd McCaffrey,"{""Science Fiction"",""Speculative fiction"", ""Fantasy""}"
581,Monk's Hood,Edith Pargeter,"{""Mystery""}"
582,Rising Storm,Victoria Holmes,"{""Children's literature"", ""Fantasy""}"
583,Pan,Knut Hamsun,"{""Fiction""}"
584,The High Window,Raymond Chandler,"{""Crime Fiction"", ""Detective fiction"", ""Novel"", ""Hardboiled""}"
585,Waking the Dead,Scott Spencer,"{""Romance novel""}"
586,Dread Mountain,Jennifer Rowe,"{""Speculative fiction"", ""Fantasy""}"
587,How Firm a Foundation,David Weber,"{""Science Fiction""}"
588,A Tangled Web,Lucy Maud Montgomery,"{""Novel""}"
589,The Truce at Bakura,Kathy Tyers,"{""Science Fiction"",""Speculative fiction"", ""Fiction""}"
590,The Business,Iain Banks,"{""Novel"", ""Fiction"", ""Suspense""}"
591,Darwinia,Robert Charles Wilson,"{""Alternate history"", ""Science Fiction"",""Speculative fiction"", ""Novel""}"
592,Irish Mist,Andrew Greeley,"{""Mystery"",""Speculative fiction"", ""Fiction""}"
593,JPod,Douglas Coupland,"{""Epistolary novel"", ""Satire"", ""Fiction""}"
594,The Forest,Edward Rutherfurd,"{""Historical fiction"", ""Fiction"", ""Historical novel""}"
595,Affinity,Sarah Waters,"{""Mystery"",""Speculative fiction"", ""Historical fiction"", ""Fiction"", ""Suspense""}"
596,The Well-Mannered War,Gareth Roberts,"{""Science Fiction""}"
597,After the Hole,Guy Burt,"{""Horror""}"
598,The Widows of Eastwick,John Updike,"{""Novel""}"
599,The Whaleboat House,Mark Mills,"{""Crime Fiction""}"
600,Tentacles,Roland Smith,"{""Fantasy""}"
601,We're Back! A Dinosaur's Story,Hudson Talbott,"{""Children's literature""}"
602,Icerigger,Alan Dean Foster,"{""Science Fiction"",""Speculative fiction"", ""Fiction""}"
603,Death of a Red Heroine,Qiu Xiaolong,"{""Mystery"", ""Fiction"", ""Novel""}"
604,Dossouye,Charles R. Saunders,"{""Fantasy""}"
605,The Grass Harp,Truman Capote,"{""Novel""}"
606,The Mysterious Mannequin,Carolyn Keene,"{""Mystery"", ""Detective fiction"",""Children's literature""}"
607,Mockingjay,Suzanne Collins,"{""Science Fiction"",""Speculative fiction"", ""Young adult literature"", ""Adventure novel"", ""Utopian and dystopian fiction""}"
608,Vineland,Thomas Pynchon,"{""Speculative fiction"", ""Fiction"", ""Novel""}"
609,Cel mai iubit dintre pământeni,Marin Preda,"{""Novel""}"
610,The Jewel in the Crown,Paul Scott,"{""History"", ""Novel""}"
611,Weir of Hermiston,Robert Louis Stevenson,"{""Speculative fiction"", ""Fiction"", ""Novel""}"
612,Lady Susan,Jane Austen,"{""Epistolary novel"", ""Fiction"", ""Romance novel""}"
613,Corpse Marker,Chris Boucher,"{""Science Fiction"",""Speculative fiction""}"
614,Windhaven,Lisa Tuttle,"{""Speculative fiction"", ""Fantasy""}"
615,Sharra's Exile,Marion Zimmer Bradley,"{""Speculative fiction"", ""Fantasy""}"
616,The Two Faces of January,Patricia Highsmith,"{""Mystery"", ""Fiction"", ""Suspense""}"
617,Headhunter,Timothy Findley,"{""Speculative fiction"", ""Dystopia""}"
618,The House Without a Key,Earl Derr Biggers,"{""Mystery"", ""Fiction"", ""Suspense""}"
619,The Gates of Sleep,Mercedes Lackey,"{""Speculative fiction"", ""Fantasy"", ""Fiction""}"
620,What the Dog Saw: And Other Adventures,Malcolm Gladwell,"{""Non-fiction""}"
621,Kendermore,Mary Kirchoff,"{""Speculative fiction"", ""Fantasy""}"
622,Restless,William Boyd,"{""Fiction""}"
623,The Seventh Gate,Tracy Hickman,"{""Science Fiction"",""Speculative fiction"", ""Fantasy"", ""Fiction""}"
624,Switchers,Kate Thompson,"{""Speculative fiction"", ""Fantasy""}"
625,Our Mutual Friend,Charles Dickens,"{""Speculative fiction"", ""Fiction"", ""Novel""}"
626,Under the Banner of Heaven: A Story of Violent Faith,Jon Krakauer,"{""Non-fiction""}"
627,Across the Nightingale Floor,Gillian Rubinstein,"{""Speculative fiction"", ""Fantasy""}"
628,The Other Face of Janus,Louise Katz,"{""Young adult literature""}"
629,Exile's Gate,C. J. Cherryh,"{""Science Fiction""}"
630,Dark Reflections,Samuel R. Delany,"{""Speculative fiction"", ""Fiction"", ""Novel""}"
631,Evernight,Claudia Gray,"{""Gothic fiction"", ""Fantasy"", ""Young adult literature""}"
632,The Gods of War,Conn Iggulden,"{""Alternate history"", ""Historical novel""}"
633,Feathers,Jacqueline Woodson,"{""Young adult literature""}"
634,Only Human,Gareth Roberts,"{""Science Fiction""}"
635,If There Be Thorns,V. C. Andrews,"{""Gothic fiction"",""Speculative fiction"", ""Young adult literature""}"
636,China Sky,Pearl S. Buck,"{""Historical novel""}"
637,One Night @ the Call Center,Chetan Bhagat,"{""Fiction""}"
638,"Enderby's Dark Lady, or No End of Enderby",Anthony Burgess,"{""Speculative fiction""}"
639,The Year of the Angry Rabbit,Russell Braddon,"{""Science Fiction""}"
640,Moominland Midwinter,Tove Jansson,"{""Speculative fiction"", ""Fantasy"",""Children's literature""}"
641,One Good Knight,Mercedes Lackey,"{""Speculative fiction"", ""Fantasy""}"
642,Cards on the Table,Agatha Christie,"{""Crime Fiction"",""Mystery"",""Children's literature"", ""Fiction"", ""Suspense""}"
643,A Midsummer Night's Dream,William Shakespeare,"{""Fantasy"", ""Comedy""}"
644,The Shadow of the Torturer,Gene Wolfe,"{""Science Fiction"",""Speculative fiction"", ""Fiction"",""Fantasy""}"
645,The Turkish Gambit,Boris Akunin,"{""Mystery"", ""Historical fiction"", ""Novel""}"
646,Night of January 16th,Ayn Rand,"{""Ergodic literature""}"
647,Brimstone,Douglas Preston,"{""Thriller"", ""Crime Fiction"", ""Techno-thriller"",""Speculative fiction"",""Mystery"", ""Suspense""}"
648,The Nitrogen Fix,Hal Clement,"{""Science Fiction"",""Speculative fiction""}"
649,Eastern Standard Tribe,Cory Doctorow,"{""Science Fiction"",""Speculative fiction""}"
650,Those Who Walk In Darkness,John Ridley,"{""Science Fiction""}"
651,Froth on the daydream,Boris Vian,"{""Novel""}"
652,King of the Wind,Marguerite Henry,"{""Children's literature"", ""Fiction"", ""Novel""}"
653,Washington Square,Henry James,"{""Novel""}"
654,The Gods of Mars,Edgar Rice Burroughs,"{""Science Fiction"",""Children's literature"", ""Planetary romance"",""Speculative fiction"", ""Fantasy"", ""Fiction""}"
655,The Foundling,Nette Hilton,"{""Speculative fiction"", ""Fiction"", ""Romance novel""}"
656,Dark Fire,Chris D'Lacey,"{""Fantasy""}"
657,The Reaction,K. A. Applegate,"{""Science Fiction"",""Speculative fiction"", ""Novel""}"
658,Reading in the Dark,Seamus Deane,"{""Speculative fiction"", ""Fiction"", ""Novel""}"
659,Double Act,Jacqueline Wilson,"{""Children's literature"", ""Fiction""}"
660,Stormchaser,Chris Riddell,"{""Speculative fiction"", ""Fantasy"",""Children's literature""}"
661,Tom Swift and His Submarine Boat,Victor Appleton,"{""Young adult literature"", ""Adventure novel""}"
662,The Hallowed Hunt,Lois McMaster Bujold,"{""Science Fiction"",""Speculative fiction"", ""Fantasy"", ""Fiction""}"
663,The Wood Beyond the World,William Morris,"{""Speculative fiction"", ""Fantasy""}"
664,The Veiled Prophet,Richard A. Knaak,"{""Speculative fiction"", ""Fantasy""}"
665,"Candide, ou l'Optimisme",Voltaire,"{""Satire"", ""Bildungsroman"", ""Picaresque novel""}"
666,Buddy Holly is Alive and Well on Ganymede,Bradley Denton,"{""Science Fiction""}"
667,Jubilee,Jack Dann,"{""Speculative fiction"",""Children's literature"", ""Fiction"", ""Historical novel""}"
668,Specimen Days,Michael Cunningham,"{""Speculative fiction"", ""Novel""}"
669,The Man Who Loved Children,Christina Stead,"{""Fiction"", ""Novel""}"
670,Praisesong for the Widow,Paule Marshall,"{""Novel""}"
671,El juguete rabioso,Roberto Arlt,"{""Children's literature"", ""Fiction""}"
672,Sixth Grade Secrets,Louis Sachar,"{""Children's literature"", ""Fiction""}"
673,The Ghost Brigades,John Scalzi,"{""Science Fiction"",""Speculative fiction"", ""Novel""}"
674,Dwellers in the Crucible,Margaret Wander Bonanno,"{""Science Fiction""}"
675,Damaged Goods,Russell T. Davies,"{""Speculative fiction""}"
676,The Edge,Alan Gibbons,"{""Children's literature"", ""Young adult literature"", ""Fiction""}"
677,"They Shoot Horses, Don't They?",Horace McCoy,"{""Existentialism""}"
678,Between the Acts,Virginia Woolf,"{""Fiction"", ""Novel""}"
679,In the Empire of Shadow,Lawrence Watt-Evans,"{""Science Fiction"",""Speculative fiction"", ""Fantasy"", ""Fiction""}"
680,A Demon in My View,Ruth Rendell,"{""Crime Fiction"",""Mystery"", ""Suspense""}"
681,Gypsy in Amber,Martin Cruz Smith,"{""Mystery"", ""Fiction"", ""Suspense""}"
682,The Apeman's Secret,Franklin W. Dixon,"{""Mystery"", ""Detective fiction""}"
683,Professor Shonku,Satyajit Ray,"{""Science Fiction"", ""Short story""}"
684,The Cold Six Thousand,James Ellroy,"{""Crime Fiction"",""Mystery"", ""Novel"", ""Suspense""}"
685,Soldados de Salamina,Javier Cercas,"{""Novel""}"
686,Seven Days in New Crete,Robert Graves,"{""Science Fiction"",""Speculative fiction"", ""Fiction""}"
687,Passage,John David Morley,"{""Picaresque novel"", ""Fiction"", ""Historical novel""}"
688,The Heart of the Warrior,John Gregory Betancourt,"{""Science Fiction"",""Speculative fiction""}"
689,Super-Cannes,J. G. Ballard,"{""Speculative fiction"", ""Fiction""}"
690,"Churchill, Hitler and the Unnecessary War",Pat Buchanan,"{""History"", ""Politics""}"
691,Master of the Moon,Angela Knight,"{""Speculative fiction""}"
692,A Spell for Chameleon,Piers Anthony,"{""Science Fiction"",""Children's literature"", ""Fantasy"",""Speculative fiction"", ""Fiction""}"
693,The Diamond Age,Neal Stephenson,"{""Cyberpunk"", ""Science Fiction"",""Speculative fiction"", ""Fiction"", ""Postcyberpunk""}"
694,"Dawkins' God: Genes, Memes, and the Meaning of Life",Alister McGrath,"{""Science""}"
695,Dread Brass Shadows,Glen Cook,"{""Mystery"",""Speculative fiction"", ""Fantasy""}"
696,The Wind on the Moon,Eric Linklater,"{""Children's literature"", ""Fantasy"", ""Adventure novel""}"
697,The Kouga Ninja Scrolls,Futaro Yamada,"{""Fantasy""}"
698,Memory in Death,Nora Roberts,"{""Crime Fiction"",""Speculative fiction""}"
699,"God Bless You, Mr. Rosewater",Kurt Vonnegut,"{""Speculative fiction"", ""Fiction"", ""Novel""}"
700,The Big Country,Donald Hamilton,"{""Western fiction""}"
701,Room,Emma Donoghue,"{""Literary fiction"", ""Novel""}"
702,The Dragon's Teeth,Frederic Dannay,"{""Mystery""}"
703,Something Else,Kathryn Cave,"{""Children's literature"", ""Fiction""}"
704,Galaxy of Fear: The Doomsday Ship,John Whitman,"{""Science Fiction""}"
705,Red Square,Martin Cruz Smith,"{""Crime Fiction"", ""Fiction""}"
706,Crown of Slaves,Eric Flint,"{""Science Fiction"",""Speculative fiction"", ""Spy fiction""}"
707,Space Mowgli,Boris Strugatsky,"{""Science Fiction""}"
708,The Artemis Fowl Files,Eoin Colfer,"{""Science Fiction"",""Children's literature"", ""Fantasy"",""Speculative fiction"", ""Fiction""}"
709,The Twenty-Seventh City,Jonathan Franzen,"{""Fiction""}"
710,A Clergyman's Daughter,George Orwell,"{""Novel""}"
711,The Writing on the Hearth,Cynthia Harnett,"{""Children's literature"", ""Historical novel""}"
712,How to Live Safely in a Science Fictional Universe,Charles Yu,"{""Novel""}"
713,"Texar's Revenge, or, North Against South",Jules Verne,"{""Adventure novel""}"
714,Memory Prime,Garfield Reeves-Stevens,"{""Science Fiction""}"
715,The Magical Monarch of Mo,L. Frank Baum,"{""Fantasy""}"
716,Daisy Miller,Henry James,"{""Novella""}"
717,Kingdom of Fear,Hunter S. Thompson,"{""Autobiography"", ""Biography""}"
718,The Iron Man,Ted Hughes,"{""Science Fiction"",""Children's literature"", ""Fantasy"", ""Fiction"", ""Novel""}"
719,A Case of Exploding Mangoes,Mohammed Hanif,"{""Novel""}"
720,The Iron Star,Eric Temple Bell,"{""Science Fiction""}"
721,Island in the Sea of Time,S. M. Stirling,"{""Alternate history"", ""Science Fiction"",""Speculative fiction""}"
722,Three Men in a Boat,Jerome K. Jerome,"{""Children's literature"", ""Fiction""}"
723,CHERUB: The Recruit,Robert Muchamore,"{""Thriller"", ""Spy fiction"",""Children's literature""}"
724,.hack//AI buster,Tatsuya Hamazaki,"{""Science Fiction""}"
725,Dolores Claiborne,Stephen King,"{""Thriller"",""Children's literature"", ""Horror"",""Speculative fiction"", ""Fiction""}"
726,A Little Princess,Frances Hodgson Burnett,"{""Speculative fiction"",""Children's literature"", ""Fiction""}"
727,Romanitas,Sophia McDougall,"{""Alternate history"",""Speculative fiction""}"
728,Batman: The Ultimate Evil,Andrew Vachss,"{""Crime Fiction""}"
729,Whipping Star,Frank Herbert,"{""Science Fiction"",""Speculative fiction"", ""Fiction""}"
730,When True Night Falls,Celia S. Friedman,"{""Speculative fiction"", ""Fantasy""}"
731,Necropolis: City of the Dead,Anthony Horowitz,"{""Thriller"", ""Fantasy"", ""Adventure novel""}"
732,O Pioneers!,Willa Cather,"{""Historical fiction""}"
733,Rocket to Luna,Evan Hunter,"{""Science Fiction"",""Speculative fiction""}"
734,Seesaw,Deborah Moggach,"{""Novel""}"
735,A Warlock in Whitby,Robin Jarvis,"{""Children's literature"", ""Fantasy"",""Speculative fiction"", ""Fiction""}"
736,Prodigal Summer: A Novel,Barbara Kingsolver,"{""Novel""}"
737,Outcast,Michelle Paver,"{""Children's literature"", ""Fantasy"", ""Adventure novel""}"
738,The Golem's Eye,Jonathan Stroud,"{""Speculative fiction"", ""Fantasy"",""Children's literature""}"
739,The Arctic Patrol Mystery,Franklin W. Dixon,"{""Children's literature"", ""Young adult literature""}"
740,The Immortals of Meluha,Amish Tripathi,"{""Fiction""}"
741,Cloak of Deception,James Luceno,"{""Science Fiction"",""Speculative fiction"", ""Fiction""}"
742,The Infernal Desire Machines of Doctor Hoffman,Angela Carter,"{""Speculative fiction"", ""Fiction""}"
743,The Black Bouquet,Richard Lee Byers,"{""Fantasy""}"
744,Stone's Fall,Iain Pears,"{""Mystery"", ""Historical novel""}"
745,Forty Thousand in Gehenna,C. J. Cherryh,"{""Science Fiction"",""Speculative fiction"", ""Fiction""}"
746,The Creator,Clifford D. Simak,"{""Science Fiction""}"
747,Dreamland,Sarah Dessen,"{""Children's literature"", ""Young adult literature""}"
748,Colonization: Aftershocks,Harry Turtledove,"{""Alternate history"", ""Science Fiction"", ""Fiction""}"
749,The Man Who Could Not Shudder,John Dickson Carr,"{""Mystery"", ""Detective fiction""}"
750,The Far Shore of Time,Frederik Pohl,"{""Science Fiction"",""Speculative fiction"", ""Fiction""}"
751,Démolir Nisard,Eric Chevillard,"{""Novel""}"
752,The Brightonomicon,Robert Rankin,"{""Speculative fiction"", ""Fantasy"", ""Fiction""}"
753,The Lathe of Heaven,Ursula K. Le Guin,"{""Science Fiction"",""Speculative fiction"", ""Fantasy"", ""Fiction"", ""Dystopia""}"
754,Man from Mundania,Piers Anthony,"{""Speculative fiction"", ""Fantasy"", ""Fiction""}"
755,Tokyo,Mo Hayder,"{""Thriller"", ""Fiction""}"
756,The Last of the Immortals,Andrey Livadny,"{""Military science fiction""}"
757,As Comadres,Miguel M. Abrahão,"{""Comedy""}"
758,Land of the Living,Nicci Gerrard,"{""Thriller""}"
759,Aelita,Aleksey Nikolayevich Tolstoy,"{""Science Fiction"",""Speculative fiction""}"
760,Dragonstorm,Graham Edwards,"{""Speculative fiction"", ""Fantasy""}"
761,The Naked Sun,Isaac Asimov,"{""Mystery"", ""Science Fiction"",""Speculative fiction"",""Children's literature"", ""Fiction""}"
762,Marley & Me: Life and Love with the World's Worst Dog,John Grogan,"{""Non-fiction""}"
763,The Indian Clerk,David Leavitt,"{""Fiction"", ""Novel""}"
764,Portrait of Lozana: The Lusty Andalusian Woman,Francisco Delicado,"{""Novel""}"
765,Bridge of Souls,Fiona McIntosh,"{""Speculative fiction"", ""Fantasy"", ""Fiction""}"
766,Killing Floor,Lee Child,"{""Thriller"",""Mystery"", ""Novel"", ""Fiction"", ""Suspense""}"
767,The Black Circle,Patrick Carman,"{""Children's literature"", ""Adventure novel""}"
768,The Coroner's Lunch,Colin Cotterill,"{""Crime Fiction""}"
769,Gilead,Marilynne Robinson,"{""Fiction"", ""Novel""}"
770,Tales of a Fourth Grade Nothing,Judy Blume,"{""Children's literature"", ""Fiction""}"
771,The Lady in the Lake,Raymond Chandler,"{""Crime Fiction"", ""Detective fiction"", ""Novel"", ""Hardboiled""}"
772,Microserfs,Douglas Coupland,"{""Epistolary novel"", ""Fiction""}"
773,Ishmael and the Return of the Dugongs,Michael Gerard Bauer,"{""Young adult literature""}"
774,Inkheart,Cornelia Funke,"{""Speculative fiction"", ""Fantasy"",""Children's literature"", ""Bildungsroman""}"
775,Milkweed,Jerry Spinelli,"{""Young adult literature"", ""Historical novel""}"
776,The Jester,James Patterson,"{""Historical fiction"", ""Fiction"", ""Suspense""}"
777,The Depths of Time,Roger MacBride Allen,"{""Science Fiction""}"
778,Dark Congress,Christopher Golden,"{""Speculative fiction"", ""Horror"",""Children's literature""}"
779,"The Kingdom and the Power: Behind the Scenes at The New York Times, The Institution That Influences the World",Gay Talese,"{""Non-fiction""}"
780,The Armageddon Inheritance,David Weber,"{""Science Fiction"",""Speculative fiction"", ""Military science fiction""}"
781,My Uncle Oswald,Roald Dahl,"{""Speculative fiction"", ""Fiction"", ""Novel""}"
782,Six Suspects,Vikas Swarup,"{""Novel""}"
783,Veniss Underground,Jeff VanderMeer,"{""Science Fiction"",""Speculative fiction"", ""Horror""}"
784,The Sense of the Past,Henry James,"{""Novel""}"
785,A Girl Named Disaster,Nancy Farmer,"{""Speculative fiction"",""Children's literature""}"
786,Kingdom of Shadows,Barbara Erskine,"{""Speculative fiction"", ""Spy fiction"", ""War novel"", ""Historical novel""}"
787,The Adventures of Harry Richmond,George Meredith,"{""Romance novel"", ""Adventure novel"", ""Picaresque novel""}"
788,K Is for Killer,Sue Grafton,"{""Mystery"",""Speculative fiction"", ""Fiction"", ""Suspense""}"
789,Playing for Pizza,John Grisham,"{""Fiction"", ""Novel""}"
790,The Child of the Cavern,Jules Verne,"{""Science Fiction"", ""Novel"", ""Adventure novel""}"
791,The Serpent Mage,Greg Bear,"{""Fiction""}"
792,Queer Person,Ralph Hubbard,"{""Children's literature""}"
793,Good in Bed,Jennifer Weiner,"{""Fiction""}"
794,The Sword of the Lady,S. M. Stirling,"{""Alternate history"", ""Apocalyptic and post-apocalyptic fiction"", ""Novel""}"
795,The Altar of the Dead,Henry James,"{""Short story""}"
796,Galaxy of Fear: The Hunger,John Whitman,"{""Science Fiction""}"
797,Antarctica,Kim Stanley Robinson,"{""Science Fiction"",""Speculative fiction""}"
798,Father Hilary's Holiday,Bruce Marshall,"{""Novel""}"
799,Ecotopia Emerging,Ernest Callenbach,"{""Speculative fiction"", ""Fiction"", ""Novel""}"
800,Deep Water,Laura Anne Gilman,"{""Science Fiction"",""Children's literature"", ""Horror"",""Speculative fiction"",""Mystery"", ""Fantasy"", ""Fiction"", ""Suspense""}"
801,Terminal World,Alastair Reynolds,"{""Science Fiction"", ""Novel""}"
802,Rules of Engagement,Peter Morwood,"{""Science Fiction""}"
803,The Ties That Bind,Judy Blundell,"{""Science Fiction""}"
804,Ishmael,Daniel Quinn,"{""Speculative fiction"", ""Fantasy"", ""Fiction"", ""Novel""}"
805,A Conspiracy of Paper: A Novel,David Liss,"{""Mystery"", ""Fiction"", ""Suspense"", ""Historical novel""}"
806,The Star Scroll,Melanie Rawn,"{""Science Fiction"",""Children's literature"", ""Fantasy"",""Speculative fiction"", ""Fiction""}"
807,The Vampire Lestat,Anne Rice,"{""Children's literature"", ""Horror"",""Speculative fiction"", ""Fantasy"", ""Fiction"", ""Gothic fiction""}"
808,Chthon,Piers Anthony,"{""Science Fiction"",""Speculative fiction""}"
809,Quofum,Alan Dean Foster,"{""Science Fiction""}"
810,Rough Trails,Julia Ecklar,"{""Science Fiction""}"
811,Thornyhold,Mary Stewart,"{""Speculative fiction"", ""Fantasy"",""Children's literature"", ""Romance novel""}"
812,Imperium: A Novel of Ancient Rome,Robert Harris,"{""Speculative fiction"", ""Historical fiction"", ""Fiction"", ""Historical novel""}"
813,Alice Through the Needle's Eye,Gilbert Adair,"{""Speculative fiction"", ""Fantasy""}"
814,Meadowsweet,Baroness Emma Orczy,"{""Historical novel""}"
815,Welcome to Higby,Mark Dunn,"{""Novel""}"
816,Ordinary Thunderstorms,William Boyd,"{""Thriller""}"
817,Pygmy,Chuck Palahniuk,"{""Satire""}"
818,11/22/1963,Stephen King,"{""Alternate history"", ""Science Fiction""}"
819,White,Ted Dekker,"{""Thriller"", ""Science Fiction"", ""Novel"",""Speculative fiction"",""Mystery"", ""Fantasy"", ""Fiction"", ""Suspense""}"
820,The Last of the Jedi: Death on Naboo,Judy Blundell,"{""Science Fiction""}"
821,The Children of Llyr,Evangeline Walton,"{""Speculative fiction"", ""Fantasy"", ""Fiction""}"
822,Mistress of Spices,Chitra Banerjee Divakaruni,"{""Speculative fiction"", ""Novel""}"
823,A Study in Sorcery,Michael Kurland,"{""Alternate history"", ""Science Fiction"", ""Fantasy""}"
824,A Meeting at Corvallis,S. M. Stirling,"{""Alternate history"", ""Science Fiction"",""Speculative fiction""}"
825,His Family,Ernest Poole,"{""Fiction"", ""Novel""}"
826,The Problem Child,Michael Buckley,"{""Mystery"",""Children's literature"", ""Fantasy"",""Speculative fiction"", ""Fiction""}"
827,Sassinak,Anne McCaffrey,"{""Science Fiction"",""Children's literature"",""Speculative fiction"", ""Romance novel"", ""Fantasy"", ""Fiction""}"
828,Hope Was Here,Joan Bauer,"{""Young adult literature""}"
829,"Dr. Bloodmoney, or How We Got Along After the Bomb",Philip K. Dick,"{""Science Fiction"",""Speculative fiction""}"
830,Fear and Loathing in Las Vegas,Hunter S. Thompson,"{""Autobiographical novel"", ""Fiction"", ""Roman""}"
831,Little House in the Big Woods,Laura Ingalls Wilder,"{""Western"",""Children's literature"", ""Fiction""}"
832,The Green Ray,Jules Verne,"{""Fiction"", ""Adventure novel"", ""Novel""}"
833,The Whole Truth,David Baldacci,"{""Crime Fiction""}"
834,To Reign in Hell,Steven Brust,"{""Science Fiction"",""Speculative fiction"", ""Fantasy"", ""Fiction""}"
835,Journey Into Fear,Eric Ambler,"{""Mystery"", ""Fiction"", ""Suspense""}"
836,Elizabeth and After,Matt Cohen,"{""Fiction""}"
837,The Ultimate Solution,Eric Norden,"{""Alternate history"", ""Science Fiction"", ""Dystopia""}"
838,9tail Fox,Jon Courtenay Grimwood,"{""Science Fiction"",""Speculative fiction"", ""Fiction"", ""Novel""}"
839,Roxana: The Fortunate Mistress,Daniel Defoe,"{""Novel""}"
840,The Ghosts of N-Space,Barry Letts,"{""Science Fiction""}"
841,Phantom Lady,Cornell Woolrich,"{""Crime Fiction"",""Mystery"", ""Fiction"", ""Suspense""}"
842,Adam and Eve and Pinch Me,Ruth Rendell,"{""Crime Fiction""}"
843,My Friend Leonard,James Frey,"{""Fiction"",""Memoir""}"
844,Jedi Trial,Dan Cragg,"{""Science Fiction"",""Speculative fiction"", ""Fiction""}"
845,Blind Faith,Ben Elton,"{""Black comedy"", ""Satire"", ""Dystopia"", ""Utopian and dystopian fiction""}"
846,Sun of Suns,Karl Schroeder,"{""Science Fiction""}"
847,Finite and Infinite Games,James P. Carse,"{""Fiction"", ""Philosophy""}"
848,The Magicians,John Boynton Priestley,"{""Speculative fiction""}"
849,The Forever King,Molly Cochran,"{""Speculative fiction"", ""Fantasy""}"
850,Fear Itself,Nick Wallace,"{""Science Fiction"",""Speculative fiction""}"
851,The Fire Within,Chris D'Lacey,"{""Children's literature"", ""Fantasy""}"
852,Crusade,Elizabeth Laird,"{""Children's literature""}"
853,Dragon Prince,Melanie Rawn,"{""Speculative fiction"", ""Fantasy"", ""Fiction""}"
854,Sandry's Book,Tamora Pierce,"{""Speculative fiction"", ""Fantasy""}"
855,Not That Sort of Girl,Mary Wesley,"{""Novel""}"
856,Bernard the Brave,Margery Sharp,"{""Children's literature""}"
857,Exultant,Stephen Baxter,"{""Science Fiction"",""Speculative fiction"", ""Fiction""}"
858,Taronga,Victor Kelleher,"{""Fantasy"", ""Apocalyptic and post-apocalyptic fiction"", ""Young adult literature""}"
859,The Bowstring Murders,John Dickson Carr,"{""Mystery"", ""Detective fiction"", ""Novel""}"
860,The Glass Lake,Maeve Binchy,"{""Fiction"", ""Romance novel""}"
861,Siddhartha,Hermann Hesse,"{""Speculative fiction"", ""Fiction""}"
862,Runaway,Tom Clancy,"{""Science Fiction"", ""Young adult literature""}"
863,Love in a Cold Climate,Nancy Mitford,"{""Fiction""}"
864,Daniel Deronda,George Eliot,"{""Fiction"", ""Novel""}"
865,The Road to Wellville,T. Coraghessan Boyle,"{""Fiction"", ""Novel""}"
866,The Taking,Dean Koontz,"{""Thriller"",""Mystery"",""Speculative fiction"", ""Horror"", ""Suspense""}"
867,You Shall Know Our Velocity,Dave Eggers,"{""Novel""}"
868,The Devil in Velvet,John Dickson Carr,"{""Detective fiction"",""Speculative fiction"", ""Historical fiction"",""Mystery"", ""Suspense"", ""Fiction""}"
869,Helmet for My Pillow,Robert Leckie,"{""War novel"",""Non-fiction""}"
870,The Hungry Tide,Amitav Ghosh,"{""Novel""}"
871,Avalon,Anya Seton,"{""History"",""Speculative fiction"", ""Historical fiction"", ""Fiction"", ""Romance novel""}"
872,Terror by Satellite,Hugh Walters,"{""Science Fiction"",""Speculative fiction""}"
873,Boyracers,Alan Bissett,"{""Bildungsroman""}"
874,Floating Dragon,Peter Straub,"{""Speculative fiction"", ""Horror"", ""Fiction""}"
875,Merrick,Anne Rice,"{""Speculative fiction"", ""Horror"", ""Fiction""}"
876,The Mystery at the Ski Jump,Carolyn Keene,"{""Mystery"", ""Detective fiction"",""Children's literature""}"
877,Edenborn,Nick Sagan,"{""Science Fiction"",""Speculative fiction"", ""Fiction""}"
878,Kapalkundala,Bankim Chandra Chattopadhyay,"{""Novel""}"
879,Grass for His Pillow,Gillian Rubinstein,"{""Speculative fiction"", ""Fantasy""}"
880,Before Green Gables,Budge Wilson,"{""Children's literature""}"
881,Spies,Thea von Harbou,"{""Novel"",""Speculative fiction"", ""Suspense"", ""Psychological novel"", ""Fiction""}"
882,The Brimstone Wedding,Ruth Rendell,"{""Crime Fiction"",""Mystery""}"
883,Wild Magic,Tamora Pierce,"{""Children's literature"", ""Fantasy"",""Speculative fiction"", ""Fiction""}"
884,Fire Bringer,David Clement-Davies,"{""Fantasy"",""Speculative fiction"", ""Young adult literature""}"
885,The Clue in the Embers,Franklin W. Dixon,"{""Mystery"", ""Detective fiction"", ""Fiction""}"
886,In Golden Blood,Stephen Woodworth,"{""Crime Fiction"", ""Science Fiction"",""Speculative fiction""}"
887,The Quest of the Missing Map,Carolyn Keene,"{""Mystery"", ""Detective fiction"",""Children's literature"", ""Fiction""}"
888,The Reverse of the Medal,Patrick O'Brian,"{""Historical fiction"", ""Fiction"", ""Historical novel""}"
889,East Is East,T. Coraghessan Boyle,"{""Novel"", ""Roman""}"
890,The Pure Weight of the Heart,Antonella Gambotto-Burke,"{""Literary fiction"", ""Romance novel""}"
891,The Amateur Gentleman,Jeffery Farnol,"{""Novel""}"
892,Tailchaser's Song,Tad Williams,"{""Speculative fiction"", ""Fantasy""}"
893,The Dying Animal,Philip Roth,"{""Fiction"", ""Novel""}"
894,Money,Martin Amis,"{""Fiction""}"
895,Auriol,William Harrison Ainsworth,"{""Horror"", ""Fiction"", ""Historical novel""}"
896,The Quantum Archangel,Craig Hinton,"{""Science Fiction"",""Speculative fiction""}"
897,The Feminine Mystique,Betty Friedan,"{""Non-fiction""}"
898,Queen Of The Falls,Chris Van Allsburg,"{""Novel""}"
899,Journeys and Adventures of Captain Hatteras,Jules Verne,"{""Science Fiction"", ""Adventure novel""}"
900,Quicksilver,Neal Stephenson,"{""Science Fiction"",""Speculative fiction"", ""Fiction"", ""Historical novel""}"
901,Housekeeping,Marilynne Robinson,"{""Fiction"", ""Novel""}"
902,Sisters,Danielle Steel,"{""Novel""}"
903,The Thorn Birds,Colleen McCullough,"{""Children's literature"", ""Fiction"", ""Romance novel"", ""Novel""}"
904,Sad Cypress,Agatha Christie,"{""Crime Fiction"",""Mystery"",""Children's literature"", ""Fiction"", ""Suspense""}"
905,Among the Brave,Margaret Haddix,"{""Science Fiction"",""Children's literature"",""Speculative fiction"", ""Young adult literature"", ""Fiction"", ""Dystopia""}"
906,Black Alice,John Sladek,"{""Novel""}"
907,The Conqueror Worms,Brian Keene,"{""Speculative fiction"", ""Horror"", ""Fiction""}"
908,Sister Mine,Tawni O'Dell,"{""Fiction"", ""Novel""}"
909,I Am the Messenger,Markus Zusak,"{""Fiction""}"
910,Spy Sinker,Len Deighton,"{""Mystery"", ""Fiction"", ""Suspense""}"
911,The Man in the Brown Suit,Agatha Christie,"{""Crime Fiction"", ""Biography"",""Mystery"",""Children's literature"", ""Fiction"",""Autobiography"", ""Suspense""}"
912,The Wreck of the Zanzibar,Michael Morpurgo,"{""Historical novel""}"
913,The Scapegoat,Daphne du Maurier,"{""Crime Fiction""}"
914,Outlaw,Angus Donald,"{""Historical fiction""}"
915,Hordubal,Karel Čapek,"{""Novel""}"
916,Touch Me,James Moloney,"{""Young adult literature""}"
917,Molly Moon's Hypnotic Time-Travel Adventure,Georgia Byng,"{""Speculative fiction"",""Children's literature""}"
918,The Loser,Thomas Bernhard,"{""Novel""}"
919,The Castle of Llyr,Lloyd Alexander,"{""Children's literature"", ""Fantasy"",""Speculative fiction"", ""Fiction""}"
920,The Secret of Wilhelm Storitz,Jules Verne,"{""Fantasy"", ""Novel""}"
921,Tower of Glass,Robert Silverberg,"{""Science Fiction"",""Speculative fiction"", ""Novel""}"
922,The Firework-Maker's Daughter,Philip Pullman,"{""Speculative fiction"",""Children's literature""}"
923,Kept in the Dark,Anthony Trollope,"{""Fiction"", ""Romance novel""}"
924,The City and the Pillar,Gore Vidal,"{""Novel""}"
925,Peter Camenzind,Hermann Hesse,"{""Speculative fiction"", ""Fiction"", ""Novel""}"
926,Dark Calling,Darren Shan,"{""Fantasy"", ""Adventure novel""}"
927,When Harlie Was One,David Gerrold,"{""Science Fiction"",""Speculative fiction"", ""Fiction""}"
928,The Golden One,Barbara Mertz,"{""Mystery"",""Speculative fiction"", ""Historical novel""}"
929,The Other Side,Jacqueline Woodson,"{""Children's literature""}"
930,The Case of Thomas N.,John David Morley,"{""Crime Fiction"",""Mystery"", ""Fiction""}"
931,Small Gods,Terry Pratchett,"{""Science Fiction"",""Speculative fiction"", ""Fantasy"", ""Fiction""}"
932,Operation: Outer Space,Murray Leinster,"{""Science Fiction"",""Speculative fiction""}"
933,Half Moon Investigations,Eoin Colfer,"{""Mystery"",""Speculative fiction"",""Children's literature"", ""Fiction""}"
934,The Cleansing,John D. Harvey,"{""Speculative fiction"", ""Horror""}"
935,The Siege of White Deer Park,Colin Dann,"{""Children's literature"", ""Fantasy"", ""Fiction""}"
936,Dogland,Will Shetterly,"{""Children's literature"", ""Fantasy"",""Speculative fiction"", ""Fiction""}"
937,Flirt,Laurell K. Hamilton,"{""Mystery""}"
938,No Telephone to Heaven,Michelle Cliff,"{""Novel""}"
939,City of Illusions,Ursula K. Le Guin,"{""Science Fiction"",""Speculative fiction"", ""Fantasy"", ""Fiction""}"
940,Foundation's Triumph,David Brin,"{""Science Fiction"",""Speculative fiction""}"
941,Dwellers in the Mirage,A. Merritt,"{""Fantasy""}"
942,The Legacy of Heorot,Steven Barnes,"{""Science Fiction"",""Speculative fiction"", ""Fantasy"", ""Fiction""}"
943,Five Little Pigs,Agatha Christie,"{""Crime Fiction"",""Mystery"", ""Fiction"", ""Suspense""}"
944,Revolutionary Road,Richard Yates,"{""Fiction"", ""Novel""}"
945,War of the Twins,Tracy Hickman,"{""Science Fiction"",""Speculative fiction"", ""Fantasy"",""Children's literature""}"
946,Room at the Top,John Braine,"{""Fiction"", ""Novel""}"
947,For Whom the Bell Tolls,Ernest Hemingway,"{""War novel"", ""Fiction""}"
948,Piece of My Heart: A Novel of Suspense,Peter Robinson,"{""Crime Fiction"",""Mystery""}"
949,The Great Hunt,Robert Jordan,"{""Speculative fiction"", ""Fantasy""}"
950,Radio Free Albemuth,Philip K. Dick,"{""Science Fiction"",""Speculative fiction"", ""Dystopia""}"
951,One Lonely Night,Mickey Spillane,"{""Crime Fiction"",""Mystery"", ""Fiction""}"
952,Daughter of Venice,Donna Jo Napoli,"{""Historical fiction"", ""Young adult literature""}"
953,Wolf Captured,Jane Lindskold,"{""Fantasy""}"
954,A Planet Called Treason,Orson Scott Card,"{""Science Fiction"",""Speculative fiction""}"
955,À rebours,Joris-Karl Huysmans,"{""Novel""}"
956,Rite of Passage,Alexei Panshin,"{""Science Fiction"",""Speculative fiction"", ""Fiction"", ""Novel""}"
957,Pir-e-Kamil,Umaira Ahmed,"{""Novel""}"
958,Modelland,Tyra Banks,"{""Fantasy"", ""Science Fiction"", ""Young adult literature""}"
959,Music for Chameleons,Truman Capote,"{""Short story""}"
960,The Rebel Angels,Robertson Davies,"{""Speculative fiction"", ""Fiction"", ""Novel""}"
961,A Very Private Life,Michael Frayn,"{""Science Fiction"",""Speculative fiction"", ""Fantasy"", ""Fiction""}"
962,Kiss,Jacqueline Wilson,"{""Young adult literature""}"
963,A Cool Head,Ian Rankin,"{""Crime Fiction"", ""Novel""}"
964,A Company of Swans,Eva Ibbotson,"{""Young adult literature"", ""Romance novel"", ""Historical novel""}"
965,Ignorance,Milan Kundera,"{""Fiction"", ""Romance novel"", ""Novel""}"
966,The Prince and the Pilgrim,Mary Stewart,"{""Speculative fiction"", ""Fantasy"", ""Fiction"", ""Romance novel""}"
967,The Myth of Sisyphus,Albert Camus,"{""Existentialism""}"
968,Pet Peeve,Piers Anthony,"{""Speculative fiction"", ""Fantasy"", ""Fiction""}"
969,Lorna Doone,R. D. Blackmore,"{""Children's literature"", ""Fiction"", ""Romance novel""}"
970,Tooth and Nail,Ian Rankin,"{""Crime Fiction"",""Mystery"", ""Detective fiction"", ""Fiction"", ""Suspense""}"
971,Deep Six,Clive Cussler,"{""Children's literature"", ""Fiction"", ""Adventure novel"", ""Suspense""}"
972,The Farming of Bones,Edwidge Danticat,"{""Novel"", ""Fiction"", ""Historical novel""}"
973,Dragon's Fire,Todd McCaffrey,"{""Science Fiction"",""Speculative fiction""}"
974,The Piano Tuner,Daniel Mason,"{""Fiction""}"
975,David Boring,Daniel Clowes,"{""Speculative fiction"", ""Fantasy"",""Children's literature""}"
976,The Story of Doctor Dolittle,Hugh Lofting,"{""Children's literature"", ""Fantasy"",""Speculative fiction"", ""Fiction""}"
977,To the Stars,L. Ron Hubbard,"{""Science Fiction""}"
978,In the Time of Dinosaurs,K. A. Applegate,"{""Science Fiction"",""Speculative fiction"", ""Novel""}"
979,Lord Tony's Wife,Baroness Emma Orczy,"{""Adventure novel"", ""Historical novel""}"
980,Sourcery,Terry Pratchett,"{""Science Fiction"",""Speculative fiction"", ""Fantasy"", ""Fiction""}"
981,Surfacing,Margaret Atwood,"{""Speculative fiction"", ""Fiction""}"
982,The Adventures of Roderick Random,Tobias Smollett,"{""Fiction"", ""Novel""}"
983,The Robe,Andrew Greeley,"{""Speculative fiction"", ""Fiction""}"
984,A Tiger for Malgudi,R. K. Narayan,"{""Fiction"", ""Novel""}"
985,Colossus,Dennis Feltham Jones,"{""Science Fiction""}"
986,The Shattered Helmet,Franklin W. Dixon,"{""Mystery"", ""Detective fiction""}"
987,Koyasan,Darren Shan,"{""Horror""}"
988,Fable: The Balverine Order,Peter David,"{""Fiction""}"
989,Matterhorn: A Novel of the Vietnam War,Karl Marlantes,"{""War novel""}"
990,The Best Awful There Is,Carrie Fisher,"{""Autobiographical novel"", ""Fiction""}"
991,Ally,Karen Traviss,"{""Science Fiction"",""Speculative fiction"", ""Fiction""}"
992,The Door into Summer,Robert A. Heinlein,"{""Science Fiction"",""Speculative fiction"", ""Fiction""}"
993,Slave Girl,Jackie French,"{""Children's literature"", ""Historical novel""}"
994,With Child,Laurie R. King,"{""Crime Fiction"",""Mystery"", ""Novel""}"
995,The Ugly Little Boy,Isaac Asimov,"{""Science Fiction"", ""Novel""}"
996,The Hundred-Year Christmas,David Morrell,"{""Fantasy""}"
997,Grania: She-King of the Irish Seas,Morgan Llywelyn,"{""Historical novel""}"
998,The Heart of Midlothian,Walter Scott,"{""Historical novel""}"
999,Satyricon,Petronius Arbiter,"{""Novel"", ""Satire"", ""Historical fiction"", ""Poetry"", ""Fiction""}"
1000,The Ship of Ishtar,A. Merritt,"{""Fantasy""}"
